1797,ch_daily_killer_short,CHALLENGE/DAILY_KILLER,CHALLENGE/DAILY_KILLER_DESC,20,2000,,1,,,,,12,
1798,ch_daily_headhunter_short,CHALLENGE/DAILY_HEADHUNTER,CHALLENGE/DAILY_HEADHUNTER_DESC,5,2000,,1,,,,,11,
1799,ch_daily_close_and_personal_short,CHALLENGE/DAILY_CLOSE_AND_PERSONAL,CHALLENGE/DAILY_CLOSE_AND_PERSONAL_DESC,3,2000,,1,,,,,8,
1800,ch_daily_assister_short,CHALLENGE/DAILY_ASSISTER,CHALLENGE/DAILY_ASSISTER_DESC,8,2000,,1,,,,,42,
1801,ch_daily_ads_short,CHALLENGE/DAILY_ADS,CHALLENGE/DAILY_ADS_DESC,15,2000,,1,,,,,38,
1802,ch_daily_hipster_short,CHALLENGE/DAILY_HIPSTER,CHALLENGE/DAILY_HIPSTER_DESC,7,2000,,1,,,,,7,
1803,ch_daily_point_blank_short,CHALLENGE/DAILY_POINT_BLANK,CHALLENGE/DAILY_POINT_BLANK_DESC,5,2000,,1,,,,,5,
1804,ch_daily_long_shot_short,CHALLENGE/DAILY_LONG_SHOT,CHALLENGE/DAILY_LONG_SHOT_DESC,10,2000,,1,,,,,29,
1805,ch_daily_one_shot_short,CHALLENGE/DAILY_ONE_SHOT,CHALLENGE/DAILY_ONE_SHOT_DESC,8,2000,,1,,,,,31,
1806,ch_daily_well_equipped_short,CHALLENGE/DAILY_WELL_EQUIPPED,CHALLENGE/DAILY_WELL_EQUIPPED_DESC,3,2000,,1,,,,,2,
1807,ch_daily_streaker_short,CHALLENGE/DAILY_STREAKER,CHALLENGE/DAILY_STREAKER_DESC,5,2000,,1,,,,,6,
1808,ch_daily_backup_plan_short,CHALLENGE/DAILY_BACKUP_PLAN,CHALLENGE/DAILY_BACKUP_PLAN_DESC,10,2000,,1,,,,,49,
1809,ch_daily_heads_up_short,CHALLENGE/DAILY_HEADS_UP,CHALLENGE/DAILY_HEADS_UP_DESC,3,2000,,1,,,,,52,
1810,ch_daily_karma_short,CHALLENGE/DAILY_KARMA,CHALLENGE/DAILY_KARMA_DESC,10,2000,,1,,,,,13,
1811,ch_daily_revenant_short,CHALLENGE/DAILY_REVENANT,CHALLENGE/DAILY_REVENANT_DESC,5,2000,,1,,,,,28,
1812,ch_daily_assault_rifle_kills_short,CHALLENGE/DAILY_ASSAULT_RIFLE_KILLS,CHALLENGE/DAILY_ASSAULT_RIFLE_KILLS_DESC,20,2000,,1,,,,,54,
1813,ch_daily_assault_rifle_headshots_short,CHALLENGE/DAILY_ASSAULT_RIFLE_HEADSHOTS,CHALLENGE/DAILY_ASSAULT_RIFLE_HEADSHOTS_DESC,5,2000,,1,,,,,17,
1814,ch_daily_smg_kills_short,CHALLENGE/DAILY_SMG_KILLS,CHALLENGE/DAILY_SMG_KILLS_DESC,20,2000,,1,,,,,55,
1815,ch_daily_smg_kills_headshots_short,CHALLENGE/DAILY_SMG_KILLS_HEADSHOTS,CHALLENGE/DAILY_SMG_KILLS_HEADSHOTS_DESC,5,2000,,1,,,,,18,
1816,ch_daily_lmg_kills_short,CHALLENGE/DAILY_LMG_KILLS,CHALLENGE/DAILY_LMG_KILLS_DESC,20,2000,,1,,,,,23,
1817,ch_daily_lmg_kills_headshots_short,CHALLENGE/DAILY_LMG_KILLS_HEADSHOTS,CHALLENGE/DAILY_LMG_KILLS_HEADSHOTS_DESC,5,2000,,1,,,,,14,
1818,ch_daily_shotgun_kills_short,CHALLENGE/DAILY_SHOTGUN_KILLS,CHALLENGE/DAILY_SHOTGUN_KILLS_DESC,15,2000,,1,,,,,15,
1819,ch_daily_shotgun_kills_headshots_short,CHALLENGE/DAILY_SHOTGUN_KILLS_HEADSHOTS,CHALLENGE/DAILY_SHOTGUN_KILLS_HEADSHOTS_DESC,5,2000,,1,,,,,40,
1820,ch_daily_sniper_kills_short,CHALLENGE/DAILY_SNIPER_KILLS,CHALLENGE/DAILY_SNIPER_KILLS_DESC,15,2000,,1,,,,,25,
1821,ch_daily_sniper_kills_headshots_short,CHALLENGE/DAILY_SNIPER_KILLS_HEADSHOTS,CHALLENGE/DAILY_SNIPER_KILLS_HEADSHOTS_DESC,5,2000,,1,,,,,19,
1822,ch_daily_pistol_kills_short,CHALLENGE/DAILY_PISTOL_KILLS,CHALLENGE/DAILY_PISTOL_KILLS_DESC,10,2000,,1,,,,,47,
1823,ch_daily_pistol_kills_headshots_short,CHALLENGE/DAILY_PISTOL_KILLS_HEADSHOTS,CHALLENGE/DAILY_PISTOL_KILLS_HEADSHOTS_DESC,3,2000,,1,,,,,4,
1824,ch_daily_launcher_kills_short,CHALLENGE/DAILY_LAUNCHER_KILLS,CHALLENGE/DAILY_LAUNCHER_KILLS_DESC,5,2000,,1,,,,,3,
1825,ch_daily_launcher_destroys_short,CHALLENGE/DAILY_LAUNCHER_DESTROYS,CHALLENGE/DAILY_LAUNCHER_DESTROYS_DESC,3,2000,,1,,,,,24,
1826,ch_daily_zero_tolerance_short,CHALLENGE/DAILY_ZERO_TOLERANCE,CHALLENGE/DAILY_ZERO_TOLERANCE_DESC,20,2000,,1,,,,,56,
1827,ch_daily_one_trick_pony_short,CHALLENGE/DAILY_ONE_TRICK_PONY,CHALLENGE/DAILY_ONE_TRICK_PONY_DESC,20,2000,,1,,,,,10,
1828,ch_daily_two_to_tango_short,CHALLENGE/DAILY_TWO_TO_TANGO,CHALLENGE/DAILY_TWO_TO_TANGO_DESC,20,2000,,1,,,,,48,
1829,ch_daily_three_cheers_short,CHALLENGE/DAILY_THREE_CHEERS,CHALLENGE/DAILY_THREE_CHEERS_DESC,20,2000,,1,,,,,33,
1830,ch_daily_four_leaf_clover_short,CHALLENGE/DAILY_FOUR_LEAF_CLOVER,CHALLENGE/DAILY_FOUR_LEAF_CLOVER_DESC,20,2000,,1,,,,,32,
1831,ch_daily_high_five_short,CHALLENGE/DAILY_HIGH_FIVE,CHALLENGE/DAILY_HIGH_FIVE_DESC,20,2000,,1,,,,,61,
1832,ch_daily_frag_short,CHALLENGE/DAILY_FRAG,CHALLENGE/DAILY_FRAG_DESC,2,2000,,1,,,,,35,
1833,ch_daily_semtex_short,CHALLENGE/DAILY_SEMTEX,CHALLENGE/DAILY_SEMTEX_DESC,2,2000,,1,,,,,77,
1834,ch_daily_molotov_cocktail_short,CHALLENGE/DAILY_MOLOTOV_COCKTAIL,CHALLENGE/DAILY_MOLOTOV_COCKTAIL_DESC,1,2000,,1,,,,,50,
1835,ch_daily_claymore_short,CHALLENGE/DAILY_CLAYMORE,CHALLENGE/DAILY_CLAYMORE_DESC,2,2000,,1,,,,,9,
1836,ch_daily_throwing_knife_short,CHALLENGE/DAILY_THROWING_KNIFE,CHALLENGE/DAILY_THROWING_KNIFE_DESC,2,2000,,1,,,,,80,
1837,ch_daily_c4_short,CHALLENGE/DAILY_C4,CHALLENGE/DAILY_C4_DESC,2,2000,,1,,,,,81,
1838,ch_daily_thermite_short,CHALLENGE/DAILY_THERMITE,CHALLENGE/DAILY_THERMITE_DESC,1,2000,,1,,,,,66,
1839,ch_daily_proximity_mine_short,CHALLENGE/DAILY_PROXIMITY_MINE,CHALLENGE/DAILY_PROXIMITY_MINE_DESC,2,2000,,1,,,,,73,
1840,ch_daily_flash_grenade_short,CHALLENGE/DAILY_FLASH_GRENADE,CHALLENGE/DAILY_FLASH_GRENADE_DESC,5,2000,,1,,,,,20,
1841,ch_daily_smoke_grenade_short,CHALLENGE/DAILY_SMOKE_GRENADE,CHALLENGE/DAILY_SMOKE_GRENADE_DESC,5,2000,,1,,,,,34,
1842,ch_daily_stun_grenade_short,CHALLENGE/DAILY_STUN_GRENADE,CHALLENGE/DAILY_STUN_GRENADE_DESC,5,2000,,1,,,,,16,
1843,ch_daily_stim_short,CHALLENGE/DAILY_STIM,CHALLENGE/DAILY_STIM_DESC,200,2000,,1,,,,,90,
1844,ch_daily_inbound_short,CHALLENGE/DAILY_INBOUND,CHALLENGE/DAILY_INBOUND_DESC,5,2000,,1,,,,,44,
1845,ch_daily_all_clear_short,CHALLENGE/DAILY_ALL_CLEAR,CHALLENGE/DAILY_ALL_CLEAR_DESC,3,2000,,1,,,,,127,
1846,ch_daily_personal_uav_short,CHALLENGE/DAILY_PERSONAL_UAV,CHALLENGE/DAILY_PERSONAL_UAV_DESC,10,2000,,1,,,,,58,
1847,ch_daily_uav_short,CHALLENGE/DAILY_UAV,CHALLENGE/DAILY_UAV_DESC,3,2000,,1,,,,,72,
1848,ch_daily_shield_turret_short,CHALLENGE/DAILY_SHIELD_TURRET,CHALLENGE/DAILY_SHIELD_TURRET_DESC,3,2000,,1,,,,,37,
1849,ch_daily_counter_uav_short,CHALLENGE/DAILY_COUNTER_UAV,CHALLENGE/DAILY_COUNTER_UAV_DESC,3,2000,,1,,,,,63,
1850,ch_daily_care_package_short,CHALLENGE/DAILY_CARE_PACKAGE,CHALLENGE/DAILY_CARE_PACKAGE_DESC,3,2000,,1,,,,,78,
1851,ch_daily_cluster_strike_short,CHALLENGE/DAILY_CLUSTER_STRIKE,CHALLENGE/DAILY_CLUSTER_STRIKE_DESC,2,2000,,1,,,,,46,
1852,ch_daily_cruise_missile_short,CHALLENGE/DAILY_CRUISE_MISSILE,CHALLENGE/DAILY_CRUISE_MISSILE_DESC,2,2000,,1,,,,,84,
1853,ch_daily_precision_airstrike_short,CHALLENGE/DAILY_PRECISION_AIRSTRIKE,CHALLENGE/DAILY_PRECISION_AIRSTRIKE_DESC,2,2000,,1,,,,,64,
1854,ch_daily_assault_tank_short,CHALLENGE/DAILY_ASSAULT_TANK,CHALLENGE/DAILY_ASSAULT_TANK_DESC,2,2000,,1,,,,,68,
1855,ch_daily_sentry_gun_short,CHALLENGE/DAILY_SENTRY_GUN,CHALLENGE/DAILY_SENTRY_GUN_DESC,2,2000,,1,,,,,83,
1856,ch_daily_wheelson_short,CHALLENGE/DAILY_WHEELSON,CHALLENGE/DAILY_WHEELSON_DESC,2,2000,,1,,,,,88,
1857,ch_daily_support_killstreak_short,CHALLENGE/DAILY_SUPPORT_KILLSTREAK,CHALLENGE/DAILY_SUPPORT_KILLSTREAK_DESC,3,2000,,1,,,,,59,
1858,ch_daily_aerial_killstreak_short,CHALLENGE/DAILY_AERIAL_KILLSTREAK,CHALLENGE/DAILY_AERIAL_KILLSTREAK_DESC,1,2000,,1,,,,,,
1859,ch_daily_ground_killstreak_short,CHALLENGE/DAILY_GROUND_KILLSTREAK,CHALLENGE/DAILY_GROUND_KILLSTREAK_DESC,1,2000,,1,,,,,,
1860,ch_daily_spotter_short,CHALLENGE/DAILY_SPOTTER,CHALLENGE/DAILY_SPOTTER_DESC,5,2000,,1,,,,,85,
1861,ch_daily_shrapnel_short,CHALLENGE/DAILY_SHRAPNEL,CHALLENGE/DAILY_SHRAPNEL_DESC,2,2000,,1,,,,,22,
1862,ch_daily_ghost_short,CHALLENGE/DAILY_GHOST,CHALLENGE/DAILY_GHOST_DESC,20,2000,,1,,,,,89,
1863,ch_daily_eod_short,CHALLENGE/DAILY_EOD,CHALLENGE/DAILY_EOD_DESC,2,2000,,1,,,,,91,
1864,ch_daily_cold_blooded_short,CHALLENGE/DAILY_COLD_BLOODED,CHALLENGE/DAILY_COLD_BLOODED_DESC,5,2000,,1,,,,,62,
1865,ch_daily_high_alert_short,CHALLENGE/DAILY_HIGH_ALERT,CHALLENGE/DAILY_HIGH_ALERT_DESC,20,2000,,1,,,,,87,
1866,ch_daily_tune_up_short,CHALLENGE/DAILY_TUNE_UP,CHALLENGE/DAILY_TUNE_UP_DESC,5,2000,,1,,,,,53,
1867,ch_daily_restock_short,CHALLENGE/DAILY_RESTOCK,CHALLENGE/DAILY_RESTOCK_DESC,25,2000,,1,,,,,,
1868,ch_daily_battle_hardened_short,CHALLENGE/DAILY_BATTLE_HARDENED,CHALLENGE/DAILY_BATTLE_HARDENED_DESC,20,2000,,1,,,,,86,
1869,ch_daily_scavenger_short,CHALLENGE/DAILY_SCAVENGER,CHALLENGE/DAILY_SCAVENGER_DESC,15,2000,,1,,,,,69,
1870,ch_daily_dead_silence_short,CHALLENGE/DAILY_DEAD_SILENCE,CHALLENGE/DAILY_DEAD_SILENCE_DESC,2,2000,,1,,,,,41,
1871,ch_daily_ammo_drop_short,CHALLENGE/DAILY_AMMO_DROP,CHALLENGE/DAILY_AMMO_DROP_DESC,10,2000,,1,,,,,30,
1872,ch_daily_trophy_system_short,CHALLENGE/DAILY_TROPHY_SYSTEM,CHALLENGE/DAILY_TROPHY_SYSTEM_DESC,5,2000,,1,,,,,71,
1873,ch_daily_recon_drone_short,CHALLENGE/DAILY_RECON_DRONE,CHALLENGE/DAILY_RECON_DRONE_DESC,10,2000,,1,,,,,136,
1874,ch_daily_support_box_short,CHALLENGE/DAILY_SUPPORT_BOX,CHALLENGE/DAILY_SUPPORT_BOX_DESC,3,2000,,1,,,,,65,
1875,ch_daily_tactical_insertion_short,CHALLENGE/DAILY_TACTICAL_INSERTION,CHALLENGE/DAILY_TACTICAL_INSERTION_DESC,3,2000,,1,,,,,70,
1876,ch_daily_emp_drone_short,CHALLENGE/DAILY_EMP_DRONE,CHALLENGE/DAILY_EMP_DRONE_DESC,2,2000,,1,,,,,92,
1877,ch_daily_playa_short,CHALLENGE/DAILY_PLAYA,CHALLENGE/DAILY_PLAYA_DESC,2,2000,,1,,,,,36,
1878,ch_daily_winner_short,CHALLENGE/DAILY_WINNER,CHALLENGE/DAILY_WINNER_DESC,1,2000,,1,,,,,45,
1879,ch_daily_bloodthirsty_killer_i_short,CHALLENGE/DAILY_BLOODTHIRSTY_KILLER_I,CHALLENGE/DAILY_BLOODTHIRSTY_KILLER_I_DESC,1,2000,,1,,,,,43,
1880,ch_daily_double_killer_i_short,CHALLENGE/DAILY_DOUBLE_KILLER_I,CHALLENGE/DAILY_DOUBLE_KILLER_I_DESC,1,2000,,1,,,,,57,
1881,ch_daily_the_king_is_dead_short,CHALLENGE/DAILY_THE_KING_IS_DEAD,CHALLENGE/DAILY_THE_KING_IS_DEAD_DESC,2,2000,,1,,,,,67,
1882,ch_daily_heartbreaker_short,CHALLENGE/DAILY_HEARTBREAKER,CHALLENGE/DAILY_HEARTBREAKER_DESC,1,2000,,1,,,,,79,
1883,ch_daily_blunt_trauma_short,CHALLENGE/DAILY_BLUNT_TRAUMA,CHALLENGE/DAILY_BLUNT_TRAUMA_DESC,2,2000,,1,,,,,76,
1884,ch_daily_unforgiving_short,CHALLENGE/DAILY_UNFORGIVING,CHALLENGE/DAILY_UNFORGIVING_DESC,1,2000,,1,,,,,74,
1885,ch_daily_sticky_bomber_short,CHALLENGE/DAILY_STICKY_BOMBER,CHALLENGE/DAILY_STICKY_BOMBER_DESC,1,2000,,1,,,,,75,
1886,ch_daily_backfire_short,CHALLENGE/DAILY_BACKFIRE,CHALLENGE/DAILY_BACKFIRE_DESC,1,2000,,1,,,,,60,
1887,ch_daily_focused_short,CHALLENGE/DAILY_EXECUTION,CHALLENGE/DAILY_EXECUTION_DESC,2,2000,,1,,,,,82,
1888,ch_daily_team_deathmatch_wins_short,CHALLENGE/DAILY_TEAM_DEATHMATCH_WINS,CHALLENGE/DAILY_TEAM_DEATHMATCH_WINS_DESC,1,2000,,1,,,,,51,
1889,ch_daily_search_and_destroy_wins_short,CHALLENGE/DAILY_SEARCH_DESTROY_WINS,CHALLENGE/DAILY_SEARCH_DESTROY_WINS_DESC,1,2000,,1,,,,,21,
1890,ch_daily_domination_wins_short,CHALLENGE/DAILY_DOMINATION_WINS,CHALLENGE/DAILY_DOMINATION_WINS_DESC,1,2000,,1,,,,,1,
1891,ch_daily_cyber_attack_wins_short,CHALLENGE/DAILY_CYBER_ATTACK_WINS,CHALLENGE/DAILY_CYBER_ATTACK_WINS_DESC,1,2000,,1,,,,,39,
1892,ch_daily_headquarters_wins_short,CHALLENGE/DAILY_HEADQUARTERS_WINS,CHALLENGE/DAILY_HEADQUARTERS_WINS_DESC,1,2000,,1,,,,,26,
1893,ch_daily_gunfight_wins_short,CHALLENGE/DAILY_GUNFIGHT_WINS,CHALLENGE/DAILY_GUNFIGHT_WINS_DESC,1,2000,,1,,,,,27,
1894,ch_daily_killer_medium,CHALLENGE/DAILY_KILLER,CHALLENGE/DAILY_KILLER_DESC,50,4500,,2,,,,,43,
1895,ch_daily_headhunter_medium,CHALLENGE/DAILY_HEADHUNTER,CHALLENGE/DAILY_HEADHUNTER_DESC,15,4500,,2,,,,,55,
1896,ch_daily_close_and_personal_medium,CHALLENGE/DAILY_CLOSE_AND_PERSONAL,CHALLENGE/DAILY_CLOSE_AND_PERSONAL_DESC,5,4500,,2,,,,,58,
1897,ch_daily_assister_medium,CHALLENGE/DAILY_ASSISTER,CHALLENGE/DAILY_ASSISTER_DESC,20,4500,,2,,,,,8,
1898,ch_daily_ads_medium,CHALLENGE/DAILY_ADS,CHALLENGE/DAILY_ADS_DESC,50,4500,,2,,,,,53,
1899,ch_daily_hipster_medium,CHALLENGE/DAILY_HIPSTER,CHALLENGE/DAILY_HIPSTER_DESC,20,4500,,2,,,,,37,
1900,ch_daily_point_blank_medium,CHALLENGE/DAILY_POINT_BLANK,CHALLENGE/DAILY_POINT_BLANK_DESC,10,4500,,2,,,,,1,
1901,ch_daily_long_shot_medium,CHALLENGE/DAILY_LONG_SHOT,CHALLENGE/DAILY_LONG_SHOT_DESC,15,4500,,2,,,,,23,
1902,ch_daily_one_shot_medium,CHALLENGE/DAILY_ONE_SHOT,CHALLENGE/DAILY_ONE_SHOT_DESC,20,4500,,2,,,,,10,
1903,ch_daily_well_equipped_medium,CHALLENGE/DAILY_WELL_EQUIPPED,CHALLENGE/DAILY_WELL_EQUIPPED_DESC,10,4500,,2,,,,,,
1904,ch_daily_streaker_medium,CHALLENGE/DAILY_STREAKER,CHALLENGE/DAILY_STREAKER_DESC,15,4500,,2,,,,,36,
1905,ch_daily_backup_plan_medium,CHALLENGE/DAILY_BACKUP_PLAN,CHALLENGE/DAILY_BACKUP_PLAN_DESC,25,4500,,2,,,,,14,
1906,ch_daily_heads_up_medium,CHALLENGE/DAILY_HEADS_UP,CHALLENGE/DAILY_HEADS_UP_DESC,10,4500,,2,,,,,50,
1907,ch_daily_karma_medium,CHALLENGE/DAILY_KARMA,CHALLENGE/DAILY_KARMA_DESC,30,4500,,2,,,,,28,
1908,ch_daily_revenant_medium,CHALLENGE/DAILY_REVENANT,CHALLENGE/DAILY_REVENANT_DESC,20,4500,,2,,,,,3,
1909,ch_daily_assault_rifle_kills_medium,CHALLENGE/DAILY_ASSAULT_RIFLE_KILLS,CHALLENGE/DAILY_ASSAULT_RIFLE_KILLS_DESC,50,4500,,2,,,,,20,
1910,ch_daily_assault_rifle_headshots_medium,CHALLENGE/DAILY_ASSAULT_RIFLE_HEADSHOTS,CHALLENGE/DAILY_ASSAULT_RIFLE_HEADSHOTS_DESC,15,4500,,2,,,,,33,
1911,ch_daily_smg_kills_medium,CHALLENGE/DAILY_SMG_KILLS,CHALLENGE/DAILY_SMG_KILLS_DESC,50,4500,,2,,,,,26,
1912,ch_daily_smg_kills_headshots_medium,CHALLENGE/DAILY_SMG_KILLS_HEADSHOTS,CHALLENGE/DAILY_SMG_KILLS_HEADSHOTS_DESC,15,4500,,2,,,,,54,
1913,ch_daily_lmg_kills_medium,CHALLENGE/DAILY_LMG_KILLS,CHALLENGE/DAILY_LMG_KILLS_DESC,50,4500,,2,,,,,32,
1914,ch_daily_lmg_kills_headshots_medium,CHALLENGE/DAILY_LMG_KILLS_HEADSHOTS,CHALLENGE/DAILY_LMG_KILLS_HEADSHOTS_DESC,15,4500,,2,,,,,24,
1915,ch_daily_shotgun_kills_medium,CHALLENGE/DAILY_SHOTGUN_KILLS,CHALLENGE/DAILY_SHOTGUN_KILLS_DESC,45,4500,,2,,,,,6,
1916,ch_daily_shotgun_kills_headshots_medium,CHALLENGE/DAILY_SHOTGUN_KILLS_HEADSHOTS,CHALLENGE/DAILY_SHOTGUN_KILLS_HEADSHOTS_DESC,15,4500,,2,,,,,25,
1917,ch_daily_sniper_kills_medium,CHALLENGE/DAILY_SNIPER_KILLS,CHALLENGE/DAILY_SNIPER_KILLS_DESC,45,4500,,2,,,,,46,
1918,ch_daily_sniper_kills_headshots_medium,CHALLENGE/DAILY_SNIPER_KILLS_HEADSHOTS,CHALLENGE/DAILY_SNIPER_KILLS_HEADSHOTS_DESC,15,4500,,2,,,,,39,
1919,ch_daily_pistol_kills_medium,CHALLENGE/DAILY_PISTOL_KILLS,CHALLENGE/DAILY_PISTOL_KILLS_DESC,30,4500,,2,,,,,11,
1920,ch_daily_pistol_kills_headshots_medium,CHALLENGE/DAILY_PISTOL_KILLS_HEADSHOTS,CHALLENGE/DAILY_PISTOL_KILLS_HEADSHOTS_DESC,5,4500,,2,,,,,16,
1921,ch_daily_launcher_kills_medium,CHALLENGE/DAILY_LAUNCHER_KILLS,CHALLENGE/DAILY_LAUNCHER_KILLS_DESC,15,4500,,2,,,,,49,
1922,ch_daily_launcher_destroys_medium,CHALLENGE/DAILY_LAUNCHER_DESTROYS,CHALLENGE/DAILY_LAUNCHER_DESTROYS_DESC,10,4500,,2,,,,,4,
1923,ch_daily_zero_tolerance_medium,CHALLENGE/DAILY_ZERO_TOLERANCE,CHALLENGE/DAILY_ZERO_TOLERANCE_DESC,50,4500,,2,,,,,41,
1924,ch_daily_one_trick_pony_medium,CHALLENGE/DAILY_ONE_TRICK_PONY,CHALLENGE/DAILY_ONE_TRICK_PONY_DESC,50,4500,,2,,,,,45,
1925,ch_daily_two_to_tango_medium,CHALLENGE/DAILY_TWO_TO_TANGO,CHALLENGE/DAILY_TWO_TO_TANGO_DESC,50,4500,,2,,,,,12,
1926,ch_daily_three_cheers_medium,CHALLENGE/DAILY_THREE_CHEERS,CHALLENGE/DAILY_THREE_CHEERS_DESC,50,4500,,2,,,,,19,
1927,ch_daily_four_leaf_clover_medium,CHALLENGE/DAILY_FOUR_LEAF_CLOVER,CHALLENGE/DAILY_FOUR_LEAF_CLOVER_DESC,50,4500,,2,,,,,42,
1928,ch_daily_high_five_medium,CHALLENGE/DAILY_HIGH_FIVE,CHALLENGE/DAILY_HIGH_FIVE_DESC,50,4500,,2,,,,,77,
1929,ch_daily_frag_medium,CHALLENGE/DAILY_FRAG,CHALLENGE/DAILY_FRAG_DESC,5,4500,,2,,,,,59,
1930,ch_daily_semtex_medium,CHALLENGE/DAILY_SEMTEX,CHALLENGE/DAILY_SEMTEX_DESC,5,4500,,2,,,,,65,
1931,ch_daily_molotov_cocktail_medium,CHALLENGE/DAILY_MOLOTOV_COCKTAIL,CHALLENGE/DAILY_MOLOTOV_COCKTAIL_DESC,3,4500,,2,,,,,15,
1932,ch_daily_claymore_medium,CHALLENGE/DAILY_CLAYMORE,CHALLENGE/DAILY_CLAYMORE_DESC,5,4500,,2,,,,,44,
1933,ch_daily_throwing_knife_medium,CHALLENGE/DAILY_THROWING_KNIFE,CHALLENGE/DAILY_THROWING_KNIFE_DESC,5,4500,,2,,,,,70,
1934,ch_daily_c4_medium,CHALLENGE/DAILY_C4,CHALLENGE/DAILY_C4_DESC,5,4500,,2,,,,,80,
1935,ch_daily_thermite_medium,CHALLENGE/DAILY_THERMITE,CHALLENGE/DAILY_THERMITE_DESC,3,4500,,2,,,,,85,
1936,ch_daily_proximity_mine_medium,CHALLENGE/DAILY_PROXIMITY_MINE,CHALLENGE/DAILY_PROXIMITY_MINE_DESC,5,4500,,2,,,,,63,
1937,ch_daily_flash_grenade_medium,CHALLENGE/DAILY_FLASH_GRENADE,CHALLENGE/DAILY_FLASH_GRENADE_DESC,15,4500,,2,,,,,38,
1938,ch_daily_smoke_grenade_medium,CHALLENGE/DAILY_SMOKE_GRENADE,CHALLENGE/DAILY_SMOKE_GRENADE_DESC,15,4500,,2,,,,,21,
1939,ch_daily_stun_grenade_medium,CHALLENGE/DAILY_STUN_GRENADE,CHALLENGE/DAILY_STUN_GRENADE_DESC,15,4500,,2,,,,,34,
1940,ch_daily_stim_medium,CHALLENGE/DAILY_STIM,CHALLENGE/DAILY_STIM_DESC,600,4500,,2,,,,,84,
1941,ch_daily_inbound_medium,CHALLENGE/DAILY_INBOUND,CHALLENGE/DAILY_INBOUND_DESC,15,4500,,2,,,,,29,
1942,ch_daily_all_clear_medium,CHALLENGE/DAILY_ALL_CLEAR,CHALLENGE/DAILY_ALL_CLEAR_DESC,10,4500,,2,,,,,106,
1943,ch_daily_personal_uav_medium,CHALLENGE/DAILY_PERSONAL_UAV,CHALLENGE/DAILY_PERSONAL_UAV_DESC,25,4500,,2,,,,,47,
1944,ch_daily_uav_medium,CHALLENGE/DAILY_UAV,CHALLENGE/DAILY_UAV_DESC,10,4500,,2,,,,,91,
1945,ch_daily_shield_turret_medium,CHALLENGE/DAILY_SHIELD_TURRET,CHALLENGE/DAILY_SHIELD_TURRET_DESC,10,4500,,2,,,,,2,
1946,ch_daily_counter_uav_medium,CHALLENGE/DAILY_COUNTER_UAV,CHALLENGE/DAILY_COUNTER_UAV_DESC,10,4500,,2,,,,,74,
1947,ch_daily_care_package_medium,CHALLENGE/DAILY_CARE_PACKAGE,CHALLENGE/DAILY_CARE_PACKAGE_DESC,10,4500,,2,,,,,82,
1948,ch_daily_cluster_strike_medium,CHALLENGE/DAILY_CLUSTER_STRIKE,CHALLENGE/DAILY_CLUSTER_STRIKE_DESC,7,4500,,2,,,,,18,
1949,ch_daily_cruise_missile_medium,CHALLENGE/DAILY_CRUISE_MISSILE,CHALLENGE/DAILY_CRUISE_MISSILE_DESC,7,4500,,2,,,,,68,
1950,ch_daily_precision_airstrike_medium,CHALLENGE/DAILY_PRECISION_AIRSTRIKE,CHALLENGE/DAILY_PRECISION_AIRSTRIKE_DESC,7,4500,,2,,,,,87,
1951,ch_daily_assault_tank_medium,CHALLENGE/DAILY_ASSAULT_TANK,CHALLENGE/DAILY_ASSAULT_TANK_DESC,15,4500,,2,,,,,83,
1952,ch_daily_sentry_gun_medium,CHALLENGE/DAILY_SENTRY_GUN,CHALLENGE/DAILY_SENTRY_GUN_DESC,7,4500,,2,,,,,72,
1953,ch_daily_wheelson_medium,CHALLENGE/DAILY_WHEELSON,CHALLENGE/DAILY_WHEELSON_DESC,15,4500,,2,,,,,76,
1954,ch_daily_support_killstreak_medium,CHALLENGE/DAILY_SUPPORT_KILLSTREAK,CHALLENGE/DAILY_SUPPORT_KILLSTREAK_DESC,10,4500,,2,,,,,52,
1955,ch_daily_aerial_killstreak_medium,CHALLENGE/DAILY_AERIAL_KILLSTREAK,CHALLENGE/DAILY_AERIAL_KILLSTREAK_DESC,3,4500,,2,,,,,30,
1956,ch_daily_ground_killstreak_medium,CHALLENGE/DAILY_GROUND_KILLSTREAK,CHALLENGE/DAILY_GROUND_KILLSTREAK_DESC,3,4500,,2,,,,,,
1957,ch_daily_spotter_medium,CHALLENGE/DAILY_SPOTTER,CHALLENGE/DAILY_SPOTTER_DESC,15,4500,,2,,,,,71,
1958,ch_daily_shrapnel_medium,CHALLENGE/DAILY_SHRAPNEL,CHALLENGE/DAILY_SHRAPNEL_DESC,8,4500,,2,,,,,56,
1959,ch_daily_ghost_medium,CHALLENGE/DAILY_GHOST,CHALLENGE/DAILY_GHOST_DESC,50,4500,,2,,,,,66,
1960,ch_daily_eod_medium,CHALLENGE/DAILY_EOD,CHALLENGE/DAILY_EOD_DESC,7,4500,,2,,,,,90,
1961,ch_daily_cold_blooded_medium,CHALLENGE/DAILY_COLD_BLOODED,CHALLENGE/DAILY_COLD_BLOODED_DESC,10,4500,,2,,,,,86,
1962,ch_daily_high_alert_medium,CHALLENGE/DAILY_HIGH_ALERT,CHALLENGE/DAILY_HIGH_ALERT_DESC,50,4500,,2,,,,,61,
1963,ch_daily_tune_up_medium,CHALLENGE/DAILY_TUNE_UP,CHALLENGE/DAILY_TUNE_UP_DESC,15,4500,,2,,,,,48,
1964,ch_daily_restock_medium,CHALLENGE/DAILY_RESTOCK,CHALLENGE/DAILY_RESTOCK_DESC,75,4500,,2,,,,,,
1965,ch_daily_battle_hardened_medium,CHALLENGE/DAILY_BATTLE_HARDENED,CHALLENGE/DAILY_BATTLE_HARDENED_DESC,50,4500,,2,,,,,69,
1966,ch_daily_scavenger_medium,CHALLENGE/DAILY_SCAVENGER,CHALLENGE/DAILY_SCAVENGER_DESC,45,4500,,2,,,,,64,
1967,ch_daily_dead_silence_medium,CHALLENGE/DAILY_DEAD_SILENCE,CHALLENGE/DAILY_DEAD_SILENCE_DESC,8,4500,,2,,,,,22,
1968,ch_daily_ammo_drop_medium,CHALLENGE/DAILY_AMMO_DROP,CHALLENGE/DAILY_AMMO_DROP_DESC,40,4500,,2,,,,,27,
1969,ch_daily_trophy_system_medium,CHALLENGE/DAILY_TROPHY_SYSTEM,CHALLENGE/DAILY_TROPHY_SYSTEM_DESC,15,4500,,2,,,,,89,
1970,ch_daily_recon_drone_medium,CHALLENGE/DAILY_RECON_DRONE,CHALLENGE/DAILY_RECON_DRONE_DESC,45,4500,,2,,,,,125,
1971,ch_daily_support_box_medium,CHALLENGE/DAILY_SUPPORT_BOX,CHALLENGE/DAILY_SUPPORT_BOX_DESC,15,4500,,2,,,,,75,
1972,ch_daily_tactical_insertion_medium,CHALLENGE/DAILY_TACTICAL_INSERTION,CHALLENGE/DAILY_TACTICAL_INSERTION_DESC,10,4500,,2,,,,,88,
1973,ch_daily_emp_drone_medium,CHALLENGE/DAILY_EMP_DRONE,CHALLENGE/DAILY_EMP_DRONE_DESC,7,4500,,2,,,,,79,
1974,ch_daily_playa_medium,CHALLENGE/DAILY_PLAYA,CHALLENGE/DAILY_PLAYA_DESC,4,4500,,2,,,,,7,
1975,ch_daily_winner_medium,CHALLENGE/DAILY_WINNER,CHALLENGE/DAILY_WINNER_DESC,2,4500,,2,,,,,31,
1976,ch_daily_bloodthirsty_killer_i_medium,CHALLENGE/DAILY_BLOODTHIRSTY_KILLER_I,CHALLENGE/DAILY_BLOODTHIRSTY_KILLER_I_DESC,2,4500,,2,,,,,57,
1977,ch_daily_double_killer_i_medium,CHALLENGE/DAILY_DOUBLE_KILLER_I,CHALLENGE/DAILY_DOUBLE_KILLER_I_DESC,3,4500,,2,,,,,40,
1978,ch_daily_the_king_is_dead_medium,CHALLENGE/DAILY_THE_KING_IS_DEAD,CHALLENGE/DAILY_THE_KING_IS_DEAD_DESC,4,4500,,2,,,,,92,
1979,ch_daily_heartbreaker_medium,CHALLENGE/DAILY_HEARTBREAKER,CHALLENGE/DAILY_HEARTBREAKER_DESC,4,4500,,2,,,,,62,
1980,ch_daily_blunt_trauma_medium,CHALLENGE/DAILY_BLUNT_TRAUMA,CHALLENGE/DAILY_BLUNT_TRAUMA_DESC,8,4500,,2,,,,,81,
1981,ch_daily_unforgiving_medium,CHALLENGE/DAILY_UNFORGIVING,CHALLENGE/DAILY_UNFORGIVING_DESC,3,4500,,2,,,,,73,
1982,ch_daily_sticky_bomber_medium,CHALLENGE/DAILY_STICKY_BOMBER,CHALLENGE/DAILY_STICKY_BOMBER_DESC,3,4500,,2,,,,,60,
1983,ch_daily_backfire_medium,CHALLENGE/DAILY_BACKFIRE,CHALLENGE/DAILY_BACKFIRE_DESC,5,4500,,2,,,,,67,
1984,ch_daily_focused_medium,CHALLENGE/DAILY_EXECUTION,CHALLENGE/DAILY_EXECUTION_DESC,5,4500,,2,,,,,78,
1985,ch_daily_team_deathmatch_wins_medium,CHALLENGE/DAILY_TEAM_DEATHMATCH_WINS,CHALLENGE/DAILY_TEAM_DEATHMATCH_WINS_DESC,2,4500,,2,,,,,35,
1986,ch_daily_search_destroy_wins_medium,CHALLENGE/DAILY_SEARCH_DESTROY_WINS,CHALLENGE/DAILY_SEARCH_DESTROY_WINS_DESC,2,4500,,2,,,,,5,
1987,ch_daily_domination_wins_medium,CHALLENGE/DAILY_DOMINATION_WINS,CHALLENGE/DAILY_DOMINATION_WINS_DESC,2,4500,,2,,,,,17,
1988,ch_daily_cyber_attack_wins_medium,CHALLENGE/DAILY_CYBER_ATTACK_WINS,CHALLENGE/DAILY_CYBER_ATTACK_WINS_DESC,2,4500,,2,,,,,13,
1989,ch_daily_headquarters_wins_medium,CHALLENGE/DAILY_HEADQUARTERS_WINS,CHALLENGE/DAILY_HEADQUARTERS_WINS_DESC,2,4500,,2,,,,,51,
1990,ch_daily_gunfight_wins_medium,CHALLENGE/DAILY_GUNFIGHT_WINS,CHALLENGE/DAILY_GUNFIGHT_WINS_DESC,2,4500,,2,,,,,9,
1991,ch_daily_killer_long,CHALLENGE/DAILY_KILLER,CHALLENGE/DAILY_KILLER_DESC,75,6000,330003,3,,,,,39,
1992,ch_daily_headhunter_long,CHALLENGE/DAILY_HEADHUNTER,CHALLENGE/DAILY_HEADHUNTER_DESC,20,6000,180156,3,,,,,13,
1993,ch_daily_close_and_personal_long,CHALLENGE/DAILY_CLOSE_AND_PERSONAL,CHALLENGE/DAILY_CLOSE_AND_PERSONAL_DESC,10,6000,170108,3,,,,,11,
1994,ch_daily_assister_long,CHALLENGE/DAILY_ASSISTER,CHALLENGE/DAILY_ASSISTER_DESC,30,6000,80093,3,,,,,41,
1995,ch_daily_ads_long,CHALLENGE/DAILY_ADS,CHALLENGE/DAILY_ADS_DESC,75,6000,170073,3,,,,,14,
1996,ch_daily_hipster_long,CHALLENGE/DAILY_HIPSTER,CHALLENGE/DAILY_HIPSTER_DESC,30,6000,190090,3,,,,,54,
1997,ch_daily_point_blank_long,CHALLENGE/DAILY_POINT_BLANK,CHALLENGE/DAILY_POINT_BLANK_DESC,20,6000,170232,3,,,,,47,
1998,ch_daily_long_shot_long,CHALLENGE/DAILY_LONG_SHOT,CHALLENGE/DAILY_LONG_SHOT_DESC,20,6000,170359,3,,,,,55,
1999,ch_daily_one_shot_long,CHALLENGE/DAILY_ONE_SHOT,CHALLENGE/DAILY_ONE_SHOT_DESC,30,6000,190151,3,,,,,49,
2000,ch_daily_well_equipped_long,CHALLENGE/DAILY_WELL_EQUIPPED,CHALLENGE/DAILY_WELL_EQUIPPED_DESC,15,6000,330106,3,,,,,48,
2001,ch_daily_streaker_long,CHALLENGE/DAILY_STREAKER,CHALLENGE/DAILY_STREAKER_DESC,25,6000,170433,3,,,,,31,
2002,ch_daily_backup_plan_long,CHALLENGE/DAILY_BACKUP_PLAN,CHALLENGE/DAILY_BACKUP_PLAN_DESC,45,6000,190088,3,,,,,20,
2003,ch_daily_heads_up_long,CHALLENGE/DAILY_HEADS_UP,CHALLENGE/DAILY_HEADS_UP_DESC,15,6000,180180,3,,,,,44,
2004,ch_daily_karma_long,CHALLENGE/DAILY_KARMA,CHALLENGE/DAILY_KARMA_DESC,45,6000,330026,3,,,,,23,
2005,ch_daily_revenant_long,CHALLENGE/DAILY_REVENANT,CHALLENGE/DAILY_REVENANT_DESC,30,6000,170013,3,,,,,29,
2006,ch_daily_assault_rifle_kills_long,CHALLENGE/DAILY_ASSAULT_RIFLE_KILLS,CHALLENGE/DAILY_ASSAULT_RIFLE_KILLS_DESC,75,6000,180021,3,,,,,45,
2007,ch_daily_assault_rifle_headshots_long,CHALLENGE/DAILY_ASSAULT_RIFLE_HEADSHOTS,CHALLENGE/DAILY_ASSAULT_RIFLE_HEADSHOTS_DESC,20,6000,190254,3,,,,,42,
2008,ch_daily_smg_kills_long,CHALLENGE/DAILY_SMG_KILLS,CHALLENGE/DAILY_SMG_KILLS_DESC,75,6000,170206,3,,,,,50,
2009,ch_daily_smg_kills_headshots_long,CHALLENGE/DAILY_SMG_KILLS_HEADSHOTS,CHALLENGE/DAILY_SMG_KILLS_HEADSHOTS_DESC,20,6000,170212,3,,,,,9,
2010,ch_daily_lmg_kills_long,CHALLENGE/DAILY_LMG_KILLS,CHALLENGE/DAILY_LMG_KILLS_DESC,75,6000,170043,3,,,,,56,
2011,ch_daily_lmg_kills_headshots_long,CHALLENGE/DAILY_LMG_KILLS_HEADSHOTS,CHALLENGE/DAILY_LMG_KILLS_HEADSHOTS_DESC,20,6000,330041,3,,,,,8,
2012,ch_daily_shotgun_kills_long,CHALLENGE/DAILY_SHOTGUN_KILLS,CHALLENGE/DAILY_SHOTGUN_KILLS_DESC,60,6000,170228,3,,,,,19,
2013,ch_daily_shotgun_kills_headshots_long,CHALLENGE/DAILY_SHOTGUN_KILLS_HEADSHOTS,CHALLENGE/DAILY_SHOTGUN_KILLS_HEADSHOTS_DESC,20,6000,170456,3,,,,,36,
2014,ch_daily_sniper_kills_long,CHALLENGE/DAILY_SNIPER_KILLS,CHALLENGE/DAILY_SNIPER_KILLS_DESC,60,6000,170207,3,,,,,33,
2015,ch_daily_sniper_kills_headshots_long,CHALLENGE/DAILY_SNIPER_KILLS_HEADSHOTS,CHALLENGE/DAILY_SNIPER_KILLS_HEADSHOTS_DESC,20,6000,80102,3,,,,,22,
2016,ch_daily_pistol_kills_long,CHALLENGE/DAILY_PISTOL_KILLS,CHALLENGE/DAILY_PISTOL_KILLS_DESC,45,6000,170204,3,,,,,30,
2017,ch_daily_pistol_kills_headshots_long,CHALLENGE/DAILY_PISTOL_KILLS_HEADSHOTS,CHALLENGE/DAILY_PISTOL_KILLS_HEADSHOTS_DESC,10,6000,170229,3,,,,,38,
2018,ch_daily_launcher_kills_long,CHALLENGE/DAILY_LAUNCHER_KILLS,CHALLENGE/DAILY_LAUNCHER_KILLS_DESC,30,6000,190063,3,,,,,18,
2019,ch_daily_launcher_destroys_long,CHALLENGE/DAILY_LAUNCHER_DESTROYS,CHALLENGE/DAILY_LAUNCHER_DESTROYS_DESC,15,6000,170095,3,,,,,53,
2020,ch_daily_zero_tolerance_long,CHALLENGE/DAILY_ZERO_TOLERANCE,CHALLENGE/DAILY_ZERO_TOLERANCE_DESC,75,6000,190010,3,,,,,27,
2021,ch_daily_one_trick_pony_long,CHALLENGE/DAILY_ONE_TRICK_PONY,CHALLENGE/DAILY_ONE_TRICK_PONY_DESC,75,6000,80055,3,,,,,5,
2022,ch_daily_two_to_tango_long,CHALLENGE/DAILY_TWO_TO_TANGO,CHALLENGE/DAILY_TWO_TO_TANGO_DESC,75,6000,180056,3,,,,,7,
2023,ch_daily_three_cheers_long,CHALLENGE/DAILY_THREE_CHEERS,CHALLENGE/DAILY_THREE_CHEERS_DESC,75,6000,180274,3,,,,,3,
2024,ch_daily_four_leaf_clover_long,CHALLENGE/DAILY_FOUR_LEAF_CLOVER,CHALLENGE/DAILY_FOUR_LEAF_CLOVER_DESC,75,6000,80090,3,,,,,2,
2025,ch_daily_high_five_long,CHALLENGE/DAILY_HIGH_FIVE,CHALLENGE/DAILY_HIGH_FIVE_DESC,75,6000,330052,3,,,,,92,
2026,ch_daily_frag_long,CHALLENGE/DAILY_FRAG,CHALLENGE/DAILY_FRAG_DESC,10,6000,80015,3,,,,,52,
2027,ch_daily_semtex_long,CHALLENGE/DAILY_SEMTEX,CHALLENGE/DAILY_SEMTEX_DESC,10,6000,190000,3,,,,,89,
2028,ch_daily_molotov_cocktail_long,CHALLENGE/DAILY_MOLOTOV_COCKTAIL,CHALLENGE/DAILY_MOLOTOV_COCKTAIL_DESC,7,6000,80130,3,,,,,28,
2029,ch_daily_claymore_long,CHALLENGE/DAILY_CLAYMORE,CHALLENGE/DAILY_CLAYMORE_DESC,10,6000,190008,3,,,,,24,
2030,ch_daily_throwing_knife_long,CHALLENGE/DAILY_THROWING_KNIFE,CHALLENGE/DAILY_THROWING_KNIFE_DESC,10,6000,180016,3,,,,,65,
2031,ch_daily_c4_long,CHALLENGE/DAILY_C4,CHALLENGE/DAILY_C4_DESC,10,6000,80017,3,,,,,78,
2032,ch_daily_thermite_long,CHALLENGE/DAILY_THERMITE,CHALLENGE/DAILY_THERMITE_DESC,7,6000,190205,3,,,,,86,
2033,ch_daily_proximity_mine_long,CHALLENGE/DAILY_PROXIMITY_MINE,CHALLENGE/DAILY_PROXIMITY_MINE_DESC,10,6000,190141,3,,,,,72,
2034,ch_daily_flash_grenade_long,CHALLENGE/DAILY_FLASH_GRENADE,CHALLENGE/DAILY_FLASH_GRENADE_DESC,20,6000,80018,3,,,,,32,
2035,ch_daily_smoke_grenade_long,CHALLENGE/DAILY_SMOKE_GRENADE,CHALLENGE/DAILY_SMOKE_GRENADE_DESC,25,6000,80019,3,,,,,26,
2036,ch_daily_stun_grenade_long,CHALLENGE/DAILY_STUN_GRENADE,CHALLENGE/DAILY_STUN_GRENADE_DESC,20,6000,180039,3,,,,,46,
2037,ch_daily_stim_long,CHALLENGE/DAILY_STIM,CHALLENGE/DAILY_STIM_DESC,750,6000,80027,3,,,,,76,
2038,ch_daily_inbound_long,CHALLENGE/DAILY_INBOUND,CHALLENGE/DAILY_INBOUND_DESC,20,6000,170067,3,,,,,16,
2039,ch_daily_all_clear_long,CHALLENGE/DAILY_ALL_CLEAR,CHALLENGE/DAILY_ALL_CLEAR_DESC,15,6000,190198,3,,,,,125,
2040,ch_daily_personal_uav_long,CHALLENGE/DAILY_PERSONAL_UAV,CHALLENGE/DAILY_PERSONAL_UAV_DESC,40,6000,170056,3,,,,,37,
2041,ch_daily_uav_long,CHALLENGE/DAILY_UAV,CHALLENGE/DAILY_UAV_DESC,15,6000,170059,3,,,,,84,
2042,ch_daily_shield_turret_long,CHALLENGE/DAILY_SHIELD_TURRET,CHALLENGE/DAILY_SHIELD_TURRET_DESC,15,6000,170240,3,,,,,25,
2043,ch_daily_counter_uav_long,CHALLENGE/DAILY_COUNTER_UAV,CHALLENGE/DAILY_COUNTER_UAV_DESC,15,6000,170122,3,,,,,62,
2044,ch_daily_care_package_long,CHALLENGE/DAILY_CARE_PACKAGE,CHALLENGE/DAILY_CARE_PACKAGE_DESC,15,6000,190292,3,,,,,87,
2045,ch_daily_cluster_strike_long,CHALLENGE/DAILY_CLUSTER_STRIKE,CHALLENGE/DAILY_CLUSTER_STRIKE_DESC,10,6000,180171,3,,,,,57,
2046,ch_daily_cruise_missile_long,CHALLENGE/DAILY_CRUISE_MISSILE,CHALLENGE/DAILY_CRUISE_MISSILE_DESC,10,6000,190196,3,,,,,82,
2047,ch_daily_precision_airstrike_long,CHALLENGE/DAILY_PRECISION_AIRSTRIKE,CHALLENGE/DAILY_PRECISION_AIRSTRIKE_DESC,10,6000,80084,3,,,,,74,
2048,ch_daily_assault_tank_long,CHALLENGE/DAILY_ASSAULT_TANK,CHALLENGE/DAILY_ASSAULT_TANK_DESC,20,6000,170061,3,,,,,88,
2049,ch_daily_sentry_gun_long,CHALLENGE/DAILY_SENTRY_GUN,CHALLENGE/DAILY_SENTRY_GUN_DESC,15,6000,170003,3,,,,,79,
2050,ch_daily_wheelson_long,CHALLENGE/DAILY_WHEELSON,CHALLENGE/DAILY_WHEELSON_DESC,20,6000,80127,3,,,,,81,
2051,ch_daily_support_killstreak_long,CHALLENGE/DAILY_SUPPORT_KILLSTREAK,CHALLENGE/DAILY_SUPPORT_KILLSTREAK_DESC,15,6000,170489,3,,,,,1,
2052,ch_daily_aerial_killstreak_long,CHALLENGE/DAILY_AERIAL_KILLSTREAK,CHALLENGE/DAILY_AERIAL_KILLSTREAK_DESC,5,6000,170070,3,,,,,,
2053,ch_daily_ground_killstreak_long,CHALLENGE/DAILY_GROUND_KILLSTREAK,CHALLENGE/DAILY_GROUND_KILLSTREAK_DESC,5,6000,170001,3,,,,,,
2054,ch_daily_spotter_long,CHALLENGE/DAILY_SPOTTER,CHALLENGE/DAILY_SPOTTER_DESC,20,6000,190301,3,,,,,77,
2055,ch_daily_shrapnel_long,CHALLENGE/DAILY_SHRAPNEL,CHALLENGE/DAILY_SHRAPNEL_DESC,10,6000,180040,3,,,,,35,
2056,ch_daily_ghost_long,CHALLENGE/DAILY_GHOST,CHALLENGE/DAILY_GHOST_DESC,75,6000,80025,3,,,,,80,
2057,ch_daily_eod_long,CHALLENGE/DAILY_EOD,CHALLENGE/DAILY_EOD_DESC,10,6000,170233,3,,,,,71,
2058,ch_daily_cold_blooded_long,CHALLENGE/DAILY_COLD_BLOODED,CHALLENGE/DAILY_COLD_BLOODED_DESC,15,6000,330065,3,,,,,69,
2059,ch_daily_high_alert_long,CHALLENGE/DAILY_HIGH_ALERT,CHALLENGE/DAILY_HIGH_ALERT_DESC,75,6000,190178,3,,,,,75,
2060,ch_daily_tune_up_long,CHALLENGE/DAILY_TUNE_UP,CHALLENGE/DAILY_TUNE_UP_DESC,25,6000,80118,3,,,,,21,
2061,ch_daily_restock_long,CHALLENGE/DAILY_RESTOCK,CHALLENGE/DAILY_RESTOCK_DESC,100,6000,170072,3,,,,,,
2062,ch_daily_battle_hardened_long,CHALLENGE/DAILY_BATTLE_HARDENED,CHALLENGE/DAILY_BATTLE_HARDENED_DESC,75,6000,170220,3,,,,,90,
2063,ch_daily_scavenger_long,CHALLENGE/DAILY_SCAVENGER,CHALLENGE/DAILY_SCAVENGER_DESC,75,6000,180185,3,,,,,91,
2064,ch_daily_dead_silence_long,CHALLENGE/DAILY_DEAD_SILENCE,CHALLENGE/DAILY_DEAD_SILENCE_DESC,15,6000,170055,3,,,,,6,
2065,ch_daily_ammo_drop_long,CHALLENGE/DAILY_AMMO_DROP,CHALLENGE/DAILY_AMMO_DROP_DESC,50,6000,190111,3,,,,,12,
2066,ch_daily_trophy_system_long,CHALLENGE/DAILY_TROPHY_SYSTEM,CHALLENGE/DAILY_TROPHY_SYSTEM_DESC,20,6000,190144,3,,,,,63,
2067,ch_daily_recon_drone_long,CHALLENGE/DAILY_RECON_DRONE,CHALLENGE/DAILY_RECON_DRONE_DESC,60,6000,170470,3,,,,,120,
2068,ch_daily_support_box_long,CHALLENGE/DAILY_SUPPORT_BOX,CHALLENGE/DAILY_SUPPORT_BOX_DESC,20,6000,80029,3,,,,,66,
2069,ch_daily_tactical_insertion_long,CHALLENGE/DAILY_TACTICAL_INSERTION,CHALLENGE/DAILY_TACTICAL_INSERTION_DESC,20,6000,190014,3,,,,,85,
2070,ch_daily_emp_drone_long,CHALLENGE/DAILY_EMP_DRONE,CHALLENGE/DAILY_EMP_DRONE_DESC,10,6000,170185,3,,,,,70,
2071,ch_daily_playa_long,CHALLENGE/DAILY_PLAYA,CHALLENGE/DAILY_PLAYA_DESC,6,6000,330083,3,,,,,15,
2072,ch_daily_winner_long,CHALLENGE/DAILY_WINNER,CHALLENGE/DAILY_WINNER_DESC,3,6000,170069,3,,,,,59,
2073,ch_daily_bloodthirsty_killer_i_long,CHALLENGE/DAILY_BLOODTHIRSTY_KILLER_I,CHALLENGE/DAILY_BLOODTHIRSTY_KILLER_I_DESC,3,6000,180055,3,,,,,40,
2074,ch_daily_double_killer_i_long,CHALLENGE/DAILY_DOUBLE_KILLER_I,CHALLENGE/DAILY_DOUBLE_KILLER_I_DESC,5,6000,190319,3,,,,,4,
2075,ch_daily_the_king_is_dead_long,CHALLENGE/DAILY_THE_KING_IS_DEAD,CHALLENGE/DAILY_THE_KING_IS_DEAD_DESC,6,6000,180023,3,,,,,83,
2076,ch_daily_heartbreaker_long,CHALLENGE/DAILY_HEARTBREAKER,CHALLENGE/DAILY_HEARTBREAKER_DESC,6,6000,170226,3,,,,,68,
2077,ch_daily_blunt_trauma_long,CHALLENGE/DAILY_BLUNT_TRAUMA,CHALLENGE/DAILY_BLUNT_TRAUMA_DESC,12,6000,170107,3,,,,,67,
2078,ch_daily_unforgiving_long,CHALLENGE/DAILY_UNFORGIVING,CHALLENGE/DAILY_UNFORGIVING_DESC,5,6000,330100,3,,,,,64,
2079,ch_daily_sticky_bomber_long,CHALLENGE/DAILY_STICKY_BOMBER,CHALLENGE/DAILY_STICKY_BOMBER_DESC,5,6000,170012,3,,,,,73,
2080,ch_daily_backfire_long,CHALLENGE/DAILY_BACKFIRE,CHALLENGE/DAILY_BACKFIRE_DESC,6,6000,330099,3,,,,,61,
2081,ch_daily_focused_long,CHALLENGE/DAILY_EXECUTION,CHALLENGE/DAILY_EXECUTION_DESC,8,6000,170460,3,,,,,60,
2082,ch_daily_team_deathmatch_wins_long,CHALLENGE/DAILY_TEAM_DEATHMATCH_WINS,CHALLENGE/DAILY_TEAM_DEATHMATCH_WINS_DESC,3,6000,170022,3,,,,,51,
2083,ch_daily_search_destroy_wins_long,CHALLENGE/DAILY_SEARCH_DESTROY_WINS,CHALLENGE/DAILY_SEARCH_DESTROY_WINS_DESC,3,6000,330085,3,,,,,58,
2084,ch_daily_domination_wins_long,CHALLENGE/DAILY_DOMINATION_WINS,CHALLENGE/DAILY_DOMINATION_WINS_DESC,3,6000,170078,3,,,,,43,
2085,ch_daily_cyber_attack_wins_long,CHALLENGE/DAILY_CYBER_ATTACK_WINS,CHALLENGE/DAILY_CYBER_ATTACK_WINS_DESC,3,6000,170184,3,,,,,10,
2086,ch_daily_headquarters_wins_long,CHALLENGE/DAILY_HEADQUARTERS_WINS,CHALLENGE/DAILY_HEADQUARTERS_WINS_DESC,3,6000,190338,3,,,,,17,
2087,ch_daily_gunfight_wins_long,CHALLENGE/DAILY_GUNFIGHT_WINS,CHALLENGE/DAILY_GUNFIGHT_WINS_DESC,3,6000,170452,3,,,,,34,
4000,ch_daily_ar_kills_matches_short,CHALLENGE/DAILY_ASSAULT_RIFLE_KILLS,CHALLENGE/DAILY_AR_KILLS_MATCHES_DESC,2,2000,,1,,,,,128,
4001,ch_daily_sh_kills_matches_short,CHALLENGE/DAILY_SHOTGUN_KILLS,CHALLENGE/DAILY_SH_KILLS_MATCHES_DESC,2,2000,,1,,,,,110,
4002,ch_daily_sm_kills_matches_short,CHALLENGE/DAILY_SMG_KILLS,CHALLENGE/DAILY_SM_KILLS_MATCHES_DESC,2,2000,,1,,,,,99,
4003,ch_daily_lm_kills_matches_short,CHALLENGE/DAILY_LMG_KILLS,CHALLENGE/DAILY_LM_KILLS_MATCHES_DESC,2,2000,,1,,,,,132,
4004,ch_daily_sn_kills_matches_short,CHALLENGE/DAILY_SNIPER_KILLS,CHALLENGE/DAILY_SN_KILLS_MATCHES_DESC,2,2000,,1,,,,,104,
4005,ch_daily_la_kills_matches_short,CHALLENGE/DAILY_LAUNCHER_KILLS,CHALLENGE/DAILY_LA_KILLS_MATCHES_DESC,2,2000,,1,,,,,115,
4006,ch_daily_pi_kills_matches_short,CHALLENGE/DAILY_PISTOL_KILLS,CHALLENGE/DAILY_PI_KILLS_MATCHES_DESC,2,2000,,1,,,,,135,
4007,ch_daily_hs_matches_short,CHALLENGE/DAILY_HS_MATCHES,CHALLENGE/DAILY_HS_MATCHES_DESC,2,2000,,1,,,,,133,
4008,ch_daily_weapon_drop_short,CHALLENGE/DAILY_WEAPON_DROP,CHALLENGE/DAILY_WEAPON_DROP_DESC,3,2000,,1,,,,,124,
4009,ch_daily_capture_short,CHALLENGE/DAILY_CAPTURE,CHALLENGE/DAILY_CAPTURE_DESC,3,2000,,1,,,,,131,
4010,ch_daily_attachment_reflex_short,CHALLENGE/DAILY_ATTACHMENT_EQUIP,CHALLENGE/DAILY_ATTACHMENT_REFLEX_DESC,7,2000,,1,,,,,93,
4011,ch_daily_attachment_acog_short,CHALLENGE/DAILY_ATTACHMENT_EQUIP,CHALLENGE/DAILY_ATTACHMENT_ACOG_DESC,7,2000,,1,,,,,121,
4012,ch_daily_attachment_holo_short,CHALLENGE/DAILY_ATTACHMENT_EQUIP,CHALLENGE/DAILY_ATTACHMENT_HOLO_DESC,7,2000,,1,,,,,108,
4013,ch_daily_attachment_hybrid_short,CHALLENGE/DAILY_ATTACHMENT_EQUIP,CHALLENGE/DAILY_ATTACHMENT_HYBRID_DESC,7,2000,,1,,,,,113,
4014,ch_daily_attachment_pistolgrip_short,CHALLENGE/DAILY_ATTACHMENT_EQUIP,CHALLENGE/DAILY_ATTACHMENT_PISTOLGRIP_DESC,7,2000,,1,,,,,134,
4015,ch_daily_attachment_drummag_short,CHALLENGE/DAILY_ATTACHMENT_EQUIP,CHALLENGE/DAILY_ATTACHMENT_DRUMMAG_DESC,7,2000,,1,,,,,126,
4016,ch_daily_attachment_laser_short,CHALLENGE/DAILY_ATTACHMENT_EQUIP,CHALLENGE/DAILY_ATTACHMENT_LASER_DESC,7,2000,,1,,,,,120,
4017,ch_daily_attachment_nostock_short,CHALLENGE/DAILY_ATTACHMENT_EQUIP,CHALLENGE/DAILY_ATTACHMENT_NOSTOCK_DESC,7,2000,,1,,,,,98,
4018,ch_daily_attachment_barrel_short,CHALLENGE/DAILY_ATTACHMENT_EQUIP,CHALLENGE/DAILY_ATTACHMENT_BARREL_DESC,7,2000,,1,,,,,122,
4019,ch_daily_attachment_muzzle_short,CHALLENGE/DAILY_ATTACHMENT_EQUIP,CHALLENGE/DAILY_ATTACHMENT_MUZZLE_DESC,7,2000,,1,,,,,112,
4020,ch_daily_attachment_fmj_short,CHALLENGE/DAILY_ATTACHMENT_EQUIP,CHALLENGE/DAILY_ATTACHMENT_FMJ_DESC,7,2000,,1,,,,,125,
4021,ch_daily_attachment_soh_short,CHALLENGE/DAILY_ATTACHMENT_EQUIP,CHALLENGE/DAILY_ATTACHMENT_SOH_DESC,7,2000,,1,,,,,107,
4022,ch_daily_attachment_foregrip_short,CHALLENGE/DAILY_ATTACHMENT_EQUIP,CHALLENGE/DAILY_ATTACHMENT_FOREGRIP_DESC,7,2000,,1,,,,,102,
4023,ch_daily_quickscope_short,CHALLENGE/DAILY_QUICKSCOPE,CHALLENGE/DAILY_QUICKSCOPE_DESC,3,2000,,1,,,,,119,
4024,ch_daily_ar_gun_1_short,CHALLENGE/DAILY_AR_GUN_1,CHALLENGE/DAILY_AR_GUN_1_DESC,7,2000,,1,,,,,123,
4025,ch_daily_ar_gun_2_short,CHALLENGE/DAILY_AR_GUN_2,CHALLENGE/DAILY_AR_GUN_2_DESC,7,2000,,1,,,,,118,
4026,ch_daily_ar_gun_3_short,CHALLENGE/DAILY_AR_GUN_3,CHALLENGE/DAILY_AR_GUN_3_DESC,7,2000,,1,,,,,117,
4027,ch_daily_sm_gun_1_short,CHALLENGE/DAILY_SM_GUN_1,CHALLENGE/DAILY_SM_GUN_1_DESC,7,2000,,1,,,,,111,
4028,ch_daily_sm_gun_2_short,CHALLENGE/DAILY_SM_GUN_2,CHALLENGE/DAILY_SM_GUN_2_DESC,7,2000,,1,,,,,109,
4029,ch_daily_sm_gun_3_short,CHALLENGE/DAILY_SM_GUN_3,CHALLENGE/DAILY_SM_GUN_3_DESC,7,2000,,1,,,,,130,
4030,ch_daily_sh_gun_1_short,CHALLENGE/DAILY_SH_GUN_1,CHALLENGE/DAILY_SH_GUN_1_DESC,7,2000,,1,,,,,106,
4031,ch_daily_sh_gun_2_short,CHALLENGE/DAILY_SH_GUN_2,CHALLENGE/DAILY_SH_GUN_2_DESC,7,2000,,1,,,,,103,
4032,ch_daily_sn_gun_1_short,CHALLENGE/DAILY_SN_GUN_1,CHALLENGE/DAILY_SN_GUN_1_DESC,7,2000,,1,,,,,129,
4033,ch_daily_lm_gun_1_short,CHALLENGE/DAILY_LM_GUN_1,CHALLENGE/DAILY_LM_GUN_1_DESC,7,2000,,1,,,,,114,
4034,ch_daily_attachment_reflex_pistolgrip_short,CHALLENGE/DAILY_ATTACHMENT_EQUIP,CHALLENGE/DAILY_ATTACHMENT_REFLEX_PISTOLGRIP_DESC,7,2000,,1,,,,,105,
4035,ch_daily_attachment_acog_fmj_short,CHALLENGE/DAILY_ATTACHMENT_EQUIP,CHALLENGE/DAILY_ATTACHMENT_ACOG_FMJ_DESC,7,2000,,1,,,,,137,
4036,ch_daily_attachment_nostock_drum_short,CHALLENGE/DAILY_ATTACHMENT_EQUIP,CHALLENGE/DAILY_ATTACHMENT_NOSTOCK_DRUM_DESC,7,2000,,1,,,,,97,
4037,ch_daily_attachment_holo_barrel_short,CHALLENGE/DAILY_ATTACHMENT_EQUIP,CHALLENGE/DAILY_ATTACHMENT_HOLO_BARREL_DESC,7,2000,,1,,,,,95,
4038,ch_daily_attachment_nostock_laser_short,CHALLENGE/DAILY_ATTACHMENT_EQUIP,CHALLENGE/DAILY_ATTACHMENT_NOSTOCK_LASER_DESC,7,2000,,1,,,,,116,
4039,ch_daily_attachment_fmj_laser_short,CHALLENGE/DAILY_ATTACHMENT_EQUIP,CHALLENGE/DAILY_ATTACHMENT_FMJ_LASER_DESC,7,2000,,1,,,,,101,
4040,ch_daily_attachment_pistolgrip_laser_short,CHALLENGE/DAILY_ATTACHMENT_EQUIP,CHALLENGE/DAILY_ATTACHMENT_PISTOLGRIP_LASER_DESC,7,2000,,1,,,,,96,
4041,ch_daily_attachment_hybrid_muzzle_short,CHALLENGE/DAILY_ATTACHMENT_EQUIP,CHALLENGE/DAILY_ATTACHMENT_HYBRID_MUZZLE_DESC,7,2000,,1,,,,,94,
4042,ch_daily_attachment_grip_soh_short,CHALLENGE/DAILY_ATTACHMENT_EQUIP,CHALLENGE/DAILY_ATTACHMENT_GRIP_SOH_DESC,7,2000,,1,,,,,100,
4043,ch_daily_ar_kills_matches_medium,CHALLENGE/DAILY_ASSAULT_RIFLE_KILLS,CHALLENGE/DAILY_AR_KILLS_MATCHES_DESC,3,4500,,2,,,,,136,
4044,ch_daily_sh_kills_matches_medium,CHALLENGE/DAILY_SHOTGUN_KILLS,CHALLENGE/DAILY_SH_KILLS_MATCHES_DESC,3,4500,,2,,,,,119,
4045,ch_daily_sm_kills_matches_medium,CHALLENGE/DAILY_SMG_KILLS,CHALLENGE/DAILY_SM_KILLS_MATCHES_DESC,3,4500,,2,,,,,113,
4046,ch_daily_lm_kills_matches_medium,CHALLENGE/DAILY_LMG_KILLS,CHALLENGE/DAILY_LM_KILLS_MATCHES_DESC,3,4500,,2,,,,,105,
4047,ch_daily_sn_kills_matches_medium,CHALLENGE/DAILY_SNIPER_KILLS,CHALLENGE/DAILY_SN_KILLS_MATCHES_DESC,3,4500,,2,,,,,101,
4048,ch_daily_la_kills_matches_medium,CHALLENGE/DAILY_LAUNCHER_KILLS,CHALLENGE/DAILY_LA_KILLS_MATCHES_DESC,3,4500,,2,,,,,112,
4049,ch_daily_pi_kills_matches_medium,CHALLENGE/DAILY_PISTOL_KILLS,CHALLENGE/DAILY_PI_KILLS_MATCHES_DESC,3,4500,,2,,,,,104,
4050,ch_daily_hs_matches_medium,CHALLENGE/DAILY_HS_MATCHES,CHALLENGE/DAILY_HS_MATCHES_DESC,3,4500,,2,,,,,131,
4051,ch_daily_weapon_drop_medium,CHALLENGE/DAILY_WEAPON_DROP,CHALLENGE/DAILY_WEAPON_DROP_DESC,5,4500,,2,,,,,100,
4052,ch_daily_capture_medium,CHALLENGE/DAILY_CAPTURE,CHALLENGE/DAILY_CAPTURE_DESC,5,4500,,2,,,,,111,
4053,ch_daily_attachment_reflex_medium,CHALLENGE/DAILY_ATTACHMENT_EQUIP,CHALLENGE/DAILY_ATTACHMENT_REFLEX_DESC,20,4500,,2,,,,,116,
4054,ch_daily_attachment_acog_medium,CHALLENGE/DAILY_ATTACHMENT_EQUIP,CHALLENGE/DAILY_ATTACHMENT_ACOG_DESC,20,4500,,2,,,,,99,
4055,ch_daily_attachment_holo_medium,CHALLENGE/DAILY_ATTACHMENT_EQUIP,CHALLENGE/DAILY_ATTACHMENT_HOLO_DESC,20,4500,,2,,,,,127,
4056,ch_daily_attachment_hybrid_medium,CHALLENGE/DAILY_ATTACHMENT_EQUIP,CHALLENGE/DAILY_ATTACHMENT_HYBRID_DESC,20,4500,,2,,,,,95,
4057,ch_daily_attachment_pistolgrip_medium,CHALLENGE/DAILY_ATTACHMENT_EQUIP,CHALLENGE/DAILY_ATTACHMENT_PISTOLGRIP_DESC,20,4500,,2,,,,,114,
4058,ch_daily_attachment_drummag_medium,CHALLENGE/DAILY_ATTACHMENT_EQUIP,CHALLENGE/DAILY_ATTACHMENT_DRUMMAG_DESC,20,4500,,2,,,,,124,
4059,ch_daily_attachment_laser_medium,CHALLENGE/DAILY_ATTACHMENT_EQUIP,CHALLENGE/DAILY_ATTACHMENT_LASER_DESC,20,4500,,2,,,,,110,
4060,ch_daily_attachment_nostock_medium,CHALLENGE/DAILY_ATTACHMENT_EQUIP,CHALLENGE/DAILY_ATTACHMENT_NOSTOCK_DESC,20,4500,,2,,,,,120,
4061,ch_daily_attachment_barrel_medium,CHALLENGE/DAILY_ATTACHMENT_EQUIP,CHALLENGE/DAILY_ATTACHMENT_BARREL_DESC,20,4500,,2,,,,,137,
4062,ch_daily_attachment_muzzle_medium,CHALLENGE/DAILY_ATTACHMENT_EQUIP,CHALLENGE/DAILY_ATTACHMENT_MUZZLE_DESC,20,4500,,2,,,,,97,
4063,ch_daily_attachment_fmj_medium,CHALLENGE/DAILY_ATTACHMENT_EQUIP,CHALLENGE/DAILY_ATTACHMENT_FMJ_DESC,20,4500,,2,,,,,121,
4064,ch_daily_attachment_soh_medium,CHALLENGE/DAILY_ATTACHMENT_EQUIP,CHALLENGE/DAILY_ATTACHMENT_SOH_DESC,20,4500,,2,,,,,109,
4065,ch_daily_attachment_foregrip_medium,CHALLENGE/DAILY_ATTACHMENT_EQUIP,CHALLENGE/DAILY_ATTACHMENT_FOREGRIP_DESC,20,4500,,2,,,,,126,
4066,ch_daily_quickscope_medium,CHALLENGE/DAILY_QUICKSCOPE,CHALLENGE/DAILY_QUICKSCOPE_DESC,5,4500,,2,,,,,122,
4067,ch_daily_ar_gun_1_medium,CHALLENGE/DAILY_AR_GUN_1,CHALLENGE/DAILY_AR_GUN_1_DESC,20,4500,,2,,,,,103,
4068,ch_daily_ar_gun_2_medium,CHALLENGE/DAILY_AR_GUN_2,CHALLENGE/DAILY_AR_GUN_2_DESC,20,4500,,2,,,,,94,
4069,ch_daily_ar_gun_3_medium,CHALLENGE/DAILY_AR_GUN_3,CHALLENGE/DAILY_AR_GUN_3_DESC,20,4500,,2,,,,,132,
4070,ch_daily_sm_gun_1_medium,CHALLENGE/DAILY_SM_GUN_1,CHALLENGE/DAILY_SM_GUN_1_DESC,20,4500,,2,,,,,128,
4071,ch_daily_sm_gun_2_medium,CHALLENGE/DAILY_SM_GUN_2,CHALLENGE/DAILY_SM_GUN_2_DESC,20,4500,,2,,,,,129,
4072,ch_daily_sm_gun_3_medium,CHALLENGE/DAILY_SM_GUN_3,CHALLENGE/DAILY_SM_GUN_3_DESC,20,4500,,2,,,,,98,
4073,ch_daily_sh_gun_1_medium,CHALLENGE/DAILY_SH_GUN_1,CHALLENGE/DAILY_SH_GUN_1_DESC,20,4500,,2,,,,,117,
4074,ch_daily_sh_gun_2_medium,CHALLENGE/DAILY_SH_GUN_2,CHALLENGE/DAILY_SH_GUN_2_DESC,20,4500,,2,,,,,93,
4075,ch_daily_sn_gun_1_medium,CHALLENGE/DAILY_SN_GUN_1,CHALLENGE/DAILY_SN_GUN_1_DESC,20,4500,,2,,,,,102,
4076,ch_daily_lm_gun_1_medium,CHALLENGE/DAILY_LM_GUN_1,CHALLENGE/DAILY_LM_GUN_1_DESC,20,4500,,2,,,,,134,
4077,ch_daily_attachment_reflex_pistolgrip_medium,CHALLENGE/DAILY_ATTACHMENT_EQUIP,CHALLENGE/DAILY_ATTACHMENT_REFLEX_PISTOLGRIP_DESC,20,4500,,2,,,,,118,
4078,ch_daily_attachment_acog_fmj_medium,CHALLENGE/DAILY_ATTACHMENT_EQUIP,CHALLENGE/DAILY_ATTACHMENT_ACOG_FMJ_DESC,20,4500,,2,,,,,108,
4079,ch_daily_attachment_nostock_drum_medium,CHALLENGE/DAILY_ATTACHMENT_EQUIP,CHALLENGE/DAILY_ATTACHMENT_NOSTOCK_DRUM_DESC,20,4500,,2,,,,,135,
4080,ch_daily_attachment_holo_barrel_medium,CHALLENGE/DAILY_ATTACHMENT_EQUIP,CHALLENGE/DAILY_ATTACHMENT_HOLO_BARREL_DESC,20,4500,,2,,,,,96,
4081,ch_daily_attachment_nostock_laser_medium,CHALLENGE/DAILY_ATTACHMENT_EQUIP,CHALLENGE/DAILY_ATTACHMENT_NOSTOCK_LASER_DESC,20,4500,,2,,,,,115,
4082,ch_daily_attachment_fmj_laser_medium,CHALLENGE/DAILY_ATTACHMENT_EQUIP,CHALLENGE/DAILY_ATTACHMENT_FMJ_LASER_DESC,20,4500,,2,,,,,133,
4083,ch_daily_attachment_pistolgrip_laser_medium,CHALLENGE/DAILY_ATTACHMENT_EQUIP,CHALLENGE/DAILY_ATTACHMENT_PISTOLGRIP_LASER_DESC,20,4500,,2,,,,,107,
4084,ch_daily_attachment_hybrid_muzzle_medium,CHALLENGE/DAILY_ATTACHMENT_EQUIP,CHALLENGE/DAILY_ATTACHMENT_HYBRID_MUZZLE_DESC,20,4500,,2,,,,,123,
4085,ch_daily_attachment_grip_soh_medium,CHALLENGE/DAILY_ATTACHMENT_EQUIP,CHALLENGE/DAILY_ATTACHMENT_GRIP_SOH_DESC,20,4500,,2,,,,,130,
4086,ch_daily_ar_kills_matches_long,CHALLENGE/DAILY_ASSAULT_RIFLE_KILLS,CHALLENGE/DAILY_AR_KILLS_MATCHES_DESC,4,6000,180033,3,,,,,94,
4087,ch_daily_sh_kills_matches_long,CHALLENGE/DAILY_SHOTGUN_KILLS,CHALLENGE/DAILY_SH_KILLS_MATCHES_DESC,4,6000,190070,3,,,,,130,
4088,ch_daily_sm_kills_matches_long,CHALLENGE/DAILY_SMG_KILLS,CHALLENGE/DAILY_SM_KILLS_MATCHES_DESC,4,6000,190069,3,,,,,121,
4089,ch_daily_lm_kills_matches_long,CHALLENGE/DAILY_LMG_KILLS,CHALLENGE/DAILY_LM_KILLS_MATCHES_DESC,4,6000,170197,3,,,,,107,
4090,ch_daily_sn_kills_matches_long,CHALLENGE/DAILY_SNIPER_KILLS,CHALLENGE/DAILY_SN_KILLS_MATCHES_DESC,4,6000,170076,3,,,,,117,
4091,ch_daily_la_kills_matches_long,CHALLENGE/DAILY_LAUNCHER_KILLS,CHALLENGE/DAILY_LA_KILLS_MATCHES_DESC,4,6000,180237,3,,,,,98,
4092,ch_daily_pi_kills_matches_long,CHALLENGE/DAILY_PISTOL_KILLS,CHALLENGE/DAILY_PI_KILLS_MATCHES_DESC,4,6000,180115,3,,,,,105,
4093,ch_daily_hs_matches_long,CHALLENGE/DAILY_HS_MATCHES,CHALLENGE/DAILY_HS_MATCHES_DESC,4,6000,190009,3,,,,,136,
4094,ch_daily_weapon_drop_long,CHALLENGE/DAILY_WEAPON_DROP,CHALLENGE/DAILY_WEAPON_DROP_DESC,7,6000,180013,3,,,,,137,
4095,ch_daily_capture_long,CHALLENGE/DAILY_CAPTURE,CHALLENGE/DAILY_CAPTURE_DESC,7,6000,170230,3,,,,,124,
4096,ch_daily_attachment_reflex_long,CHALLENGE/DAILY_ATTACHMENT_EQUIP,CHALLENGE/DAILY_ATTACHMENT_REFLEX_DESC,50,6000,180345,3,,,,,112,
4097,ch_daily_attachment_acog_long,CHALLENGE/DAILY_ATTACHMENT_EQUIP,CHALLENGE/DAILY_ATTACHMENT_ACOG_DESC,50,6000,180032,3,,,,,106,
4098,ch_daily_attachment_holo_long,CHALLENGE/DAILY_ATTACHMENT_EQUIP,CHALLENGE/DAILY_ATTACHMENT_HOLO_DESC,50,6000,170180,3,,,,,110,
4099,ch_daily_attachment_hybrid_long,CHALLENGE/DAILY_ATTACHMENT_EQUIP,CHALLENGE/DAILY_ATTACHMENT_HYBRID_DESC,50,6000,170192,3,,,,,103,
4100,ch_daily_attachment_pistolgrip_long,CHALLENGE/DAILY_ATTACHMENT_EQUIP,CHALLENGE/DAILY_ATTACHMENT_PISTOLGRIP_DESC,50,6000,190133,3,,,,,97,
4101,ch_daily_attachment_drummag_long,CHALLENGE/DAILY_ATTACHMENT_EQUIP,CHALLENGE/DAILY_ATTACHMENT_DRUMMAG_DESC,50,6000,190068,3,,,,,96,
4102,ch_daily_attachment_laser_long,CHALLENGE/DAILY_ATTACHMENT_EQUIP,CHALLENGE/DAILY_ATTACHMENT_LASER_DESC,50,6000,190267,3,,,,,113,
4103,ch_daily_attachment_nostock_long,CHALLENGE/DAILY_ATTACHMENT_EQUIP,CHALLENGE/DAILY_ATTACHMENT_NOSTOCK_DESC,50,6000,170189,3,,,,,101,
4104,ch_daily_attachment_barrel_long,CHALLENGE/DAILY_ATTACHMENT_EQUIP,CHALLENGE/DAILY_ATTACHMENT_BARREL_DESC,50,6000,180350,3,,,,,133,
4105,ch_daily_attachment_muzzle_long,CHALLENGE/DAILY_ATTACHMENT_EQUIP,CHALLENGE/DAILY_ATTACHMENT_MUZZLE_DESC,50,6000,170130,3,,,,,114,
4106,ch_daily_attachment_fmj_long,CHALLENGE/DAILY_ATTACHMENT_EQUIP,CHALLENGE/DAILY_ATTACHMENT_FMJ_DESC,50,6000,170191,3,,,,,122,
4107,ch_daily_attachment_soh_long,CHALLENGE/DAILY_ATTACHMENT_EQUIP,CHALLENGE/DAILY_ATTACHMENT_SOH_DESC,50,6000,180309,3,,,,,134,
4108,ch_daily_attachment_foregrip_long,CHALLENGE/DAILY_ATTACHMENT_EQUIP,CHALLENGE/DAILY_ATTACHMENT_FOREGRIP_DESC,50,6000,180110,3,,,,,119,
4109,ch_daily_quickscope_long,CHALLENGE/DAILY_QUICKSCOPE,CHALLENGE/DAILY_QUICKSCOPE_DESC,7,6000,180239,3,,,,,123,
4110,ch_daily_ar_gun_1_long,CHALLENGE/DAILY_AR_GUN_1,CHALLENGE/DAILY_AR_GUN_1_DESC,50,6000,330145,3,,,,,115,
4111,ch_daily_ar_gun_2_long,CHALLENGE/DAILY_AR_GUN_2,CHALLENGE/DAILY_AR_GUN_2_DESC,50,6000,170148,3,,,,,111,
4112,ch_daily_ar_gun_3_long,CHALLENGE/DAILY_AR_GUN_3,CHALLENGE/DAILY_AR_GUN_3_DESC,50,6000,170173,3,,,,,109,
4113,ch_daily_sm_gun_1_long,CHALLENGE/DAILY_SM_GUN_1,CHALLENGE/DAILY_SM_GUN_1_DESC,50,6000,170127,3,,,,,104,
4114,ch_daily_sm_gun_2_long,CHALLENGE/DAILY_SM_GUN_2,CHALLENGE/DAILY_SM_GUN_2_DESC,50,6000,170186,3,,,,,127,
4115,ch_daily_sm_gun_3_long,CHALLENGE/DAILY_SM_GUN_3,CHALLENGE/DAILY_SM_GUN_3_DESC,50,6000,180012,3,,,,,129,
4116,ch_daily_sh_gun_1_long,CHALLENGE/DAILY_SH_GUN_1,CHALLENGE/DAILY_SH_GUN_1_DESC,50,6000,180255,3,,,,,102,
4117,ch_daily_sh_gun_2_long,CHALLENGE/DAILY_SH_GUN_2,CHALLENGE/DAILY_SH_GUN_2_DESC,50,6000,180330,3,,,,,132,
4118,ch_daily_sn_gun_1_long,CHALLENGE/DAILY_SN_GUN_1,CHALLENGE/DAILY_SN_GUN_1_DESC,50,6000,180240,3,,,,,116,
4119,ch_daily_lm_gun_1_long,CHALLENGE/DAILY_LM_GUN_1,CHALLENGE/DAILY_LM_GUN_1_DESC,50,6000,190062,3,,,,,93,
4120,ch_daily_attachment_reflex_pistolgrip_long,CHALLENGE/DAILY_ATTACHMENT_EQUIP,CHALLENGE/DAILY_ATTACHMENT_REFLEX_PISTOLGRIP_DESC,50,6000,190104,3,,,,,99,
4121,ch_daily_attachment_acog_fmj_long,CHALLENGE/DAILY_ATTACHMENT_EQUIP,CHALLENGE/DAILY_ATTACHMENT_ACOG_FMJ_DESC,50,6000,190082,3,,,,,126,
4122,ch_daily_attachment_nostock_drum_long,CHALLENGE/DAILY_ATTACHMENT_EQUIP,CHALLENGE/DAILY_ATTACHMENT_NOSTOCK_DRUM_DESC,50,6000,170196,3,,,,,100,
4123,ch_daily_attachment_holo_barrel_long,CHALLENGE/DAILY_ATTACHMENT_EQUIP,CHALLENGE/DAILY_ATTACHMENT_HOLO_BARREL_DESC,50,6000,180116,3,,,,,135,
4124,ch_daily_attachment_nostock_laser_long,CHALLENGE/DAILY_ATTACHMENT_EQUIP,CHALLENGE/DAILY_ATTACHMENT_NOSTOCK_LASER_DESC,50,6000,180319,3,,,,,131,
4125,ch_daily_attachment_fmj_laser_long,CHALLENGE/DAILY_ATTACHMENT_EQUIP,CHALLENGE/DAILY_ATTACHMENT_FMJ_LASER_DESC,50,6000,170223,3,,,,,118,
4126,ch_daily_attachment_pistolgrip_laser_long,CHALLENGE/DAILY_ATTACHMENT_EQUIP,CHALLENGE/DAILY_ATTACHMENT_PISTOLGRIP_LASER_DESC,50,6000,170209,3,,,,,128,
4127,ch_daily_attachment_hybrid_muzzle_long,CHALLENGE/DAILY_ATTACHMENT_EQUIP,CHALLENGE/DAILY_ATTACHMENT_HYBRID_MUZZLE_DESC,50,6000,190175,3,,,,,95,
4128,ch_daily_attachment_grip_soh_long,CHALLENGE/DAILY_ATTACHMENT_EQUIP,CHALLENGE/DAILY_ATTACHMENT_GRIP_SOH_DESC,50,6000,190011,3,,,,,108,
4129,ch_daily_killer_short_s4,CHALLENGE/DAILY_KILLER,CHALLENGE/DAILY_KILLER_DESC,20,2000,,1,,,,,140,
4130,ch_daily_headhunter_short_s4,CHALLENGE/DAILY_HEADHUNTER,CHALLENGE/DAILY_HEADHUNTER_DESC,5,2000,,1,,,,,150,
4131,ch_daily_close_and_personal_short_s4,CHALLENGE/DAILY_CLOSE_AND_PERSONAL,CHALLENGE/DAILY_CLOSE_AND_PERSONAL_DESC,3,2000,,1,,,,,189,
4132,ch_daily_assister_short_s4,CHALLENGE/DAILY_ASSISTER,CHALLENGE/DAILY_ASSISTER_DESC,8,2000,,1,,,,,193,
4133,ch_daily_ads_short_s4,CHALLENGE/DAILY_ADS,CHALLENGE/DAILY_ADS_DESC,15,2000,,1,,,,,179,
4134,ch_daily_hipster_short_s4,CHALLENGE/DAILY_HIPSTER,CHALLENGE/DAILY_HIPSTER_DESC,7,2000,,1,,,,,146,
4135,ch_daily_point_blank_short_s4,CHALLENGE/DAILY_POINT_BLANK,CHALLENGE/DAILY_POINT_BLANK_DESC,5,2000,,1,,,,,138,
4136,ch_daily_long_shot_short_s4,CHALLENGE/DAILY_LONG_SHOT,CHALLENGE/DAILY_LONG_SHOT_DESC,10,2000,,1,,,,,186,
4137,ch_daily_one_shot_short_s4,CHALLENGE/DAILY_ONE_SHOT,CHALLENGE/DAILY_ONE_SHOT_DESC,8,2000,,1,,,,,141,
4138,ch_daily_well_equipped_short_s4,CHALLENGE/DAILY_WELL_EQUIPPED,CHALLENGE/DAILY_WELL_EQUIPPED_DESC,3,2000,,1,,,,,156,
4139,ch_daily_streaker_short_s4,CHALLENGE/DAILY_STREAKER,CHALLENGE/DAILY_STREAKER_DESC,5,2000,,1,,,,,147,
4140,ch_daily_backup_plan_short_s4,CHALLENGE/DAILY_BACKUP_PLAN,CHALLENGE/DAILY_BACKUP_PLAN_DESC,10,2000,,1,,,,,144,
4141,ch_daily_heads_up_short_s4,CHALLENGE/DAILY_HEADS_UP,CHALLENGE/DAILY_HEADS_UP_DESC,3,2000,,1,,,,,171,
4142,ch_daily_karma_short_s4,CHALLENGE/DAILY_KARMA,CHALLENGE/DAILY_KARMA_DESC,10,2000,,1,,,,,191,
4143,ch_daily_revenant_short_s4,CHALLENGE/DAILY_REVENANT,CHALLENGE/DAILY_REVENANT_DESC,5,2000,,1,,,,,158,
4144,ch_daily_assault_rifle_kills_short_s4,CHALLENGE/DAILY_ASSAULT_RIFLE_KILLS,CHALLENGE/DAILY_ASSAULT_RIFLE_KILLS_DESC,20,2000,,1,,,,,152,
4145,ch_daily_assault_rifle_headshots_short_s4,CHALLENGE/DAILY_ASSAULT_RIFLE_HEADSHOTS,CHALLENGE/DAILY_ASSAULT_RIFLE_HEADSHOTS_DESC,5,2000,,1,,,,,165,
4146,ch_daily_smg_kills_short_s4,CHALLENGE/DAILY_SMG_KILLS,CHALLENGE/DAILY_SMG_KILLS_DESC,20,2000,,1,,,,,159,
4147,ch_daily_smg_kills_headshots_short_s4,CHALLENGE/DAILY_SMG_KILLS_HEADSHOTS,CHALLENGE/DAILY_SMG_KILLS_HEADSHOTS_DESC,5,2000,,1,,,,,181,
4148,ch_daily_lmg_kills_short_s4,CHALLENGE/DAILY_LMG_KILLS,CHALLENGE/DAILY_LMG_KILLS_DESC,20,2000,,1,,,,,183,
4149,ch_daily_lmg_kills_headshots_short_s4,CHALLENGE/DAILY_LMG_KILLS_HEADSHOTS,CHALLENGE/DAILY_LMG_KILLS_HEADSHOTS_DESC,5,2000,,1,,,,,153,
4150,ch_daily_shotgun_kills_short_s4,CHALLENGE/DAILY_SHOTGUN_KILLS,CHALLENGE/DAILY_SHOTGUN_KILLS_DESC,15,2000,,1,,,,,167,
4151,ch_daily_shotgun_kills_headshots_short_s4,CHALLENGE/DAILY_SHOTGUN_KILLS_HEADSHOTS,CHALLENGE/DAILY_SHOTGUN_KILLS_HEADSHOTS_DESC,5,2000,,1,,,,,182,
4152,ch_daily_sniper_kills_short_s4,CHALLENGE/DAILY_SNIPER_KILLS,CHALLENGE/DAILY_SNIPER_KILLS_DESC,15,2000,,1,,,,,172,
4153,ch_daily_sniper_kills_headshots_short_s4,CHALLENGE/DAILY_SNIPER_KILLS_HEADSHOTS,CHALLENGE/DAILY_SNIPER_KILLS_HEADSHOTS_DESC,5,2000,,1,,,,,162,
4154,ch_daily_pistol_kills_short_s4,CHALLENGE/DAILY_PISTOL_KILLS,CHALLENGE/DAILY_PISTOL_KILLS_DESC,10,2000,,1,,,,,163,
4155,ch_daily_pistol_kills_headshots_short_s4,CHALLENGE/DAILY_PISTOL_KILLS_HEADSHOTS,CHALLENGE/DAILY_PISTOL_KILLS_HEADSHOTS_DESC,3,2000,,1,,,,,164,
4156,ch_daily_launcher_kills_short_s4,CHALLENGE/DAILY_LAUNCHER_KILLS,CHALLENGE/DAILY_LAUNCHER_KILLS_DESC,5,2000,,1,,,,,190,
4157,ch_daily_launcher_destroys_short_s4,CHALLENGE/DAILY_LAUNCHER_DESTROYS,CHALLENGE/DAILY_LAUNCHER_DESTROYS_DESC,3,2000,,1,,,,,142,
4158,ch_daily_zero_tolerance_short_s4,CHALLENGE/DAILY_ZERO_TOLERANCE,CHALLENGE/DAILY_ZERO_TOLERANCE_DESC,20,2000,,1,,,,,176,
4159,ch_daily_one_trick_pony_short_s4,CHALLENGE/DAILY_ONE_TRICK_PONY,CHALLENGE/DAILY_ONE_TRICK_PONY_DESC,20,2000,,1,,,,,154,
4160,ch_daily_two_to_tango_short_s4,CHALLENGE/DAILY_TWO_TO_TANGO,CHALLENGE/DAILY_TWO_TO_TANGO_DESC,20,2000,,1,,,,,157,
4161,ch_daily_three_cheers_short_s4,CHALLENGE/DAILY_THREE_CHEERS,CHALLENGE/DAILY_THREE_CHEERS_DESC,20,2000,,1,,,,,143,
4162,ch_daily_four_leaf_clover_short_s4,CHALLENGE/DAILY_FOUR_LEAF_CLOVER,CHALLENGE/DAILY_FOUR_LEAF_CLOVER_DESC,20,2000,,1,,,,,178,
4163,ch_daily_high_five_short_s4,CHALLENGE/DAILY_HIGH_FIVE,CHALLENGE/DAILY_HIGH_FIVE_DESC,20,2000,,1,,,,,192,
4164,ch_daily_frag_short_s4,CHALLENGE/DAILY_FRAG,CHALLENGE/DAILY_FRAG_DESC,2,2000,,1,,,,,151,
4165,ch_daily_semtex_short_s4,CHALLENGE/DAILY_SEMTEX,CHALLENGE/DAILY_SEMTEX_DESC,2,2000,,1,,,,,161,
4166,ch_daily_molotov_cocktail_short_s4,CHALLENGE/DAILY_MOLOTOV_COCKTAIL,CHALLENGE/DAILY_MOLOTOV_COCKTAIL_DESC,1,2000,,1,,,,,139,
4167,ch_daily_claymore_short_s4,CHALLENGE/DAILY_CLAYMORE,CHALLENGE/DAILY_CLAYMORE_DESC,2,2000,,1,,,,,148,
4168,ch_daily_throwing_knife_short_s4,CHALLENGE/DAILY_THROWING_KNIFE,CHALLENGE/DAILY_THROWING_KNIFE_DESC,2,2000,,1,,,,,166,
4169,ch_daily_c4_short_s4,CHALLENGE/DAILY_C4,CHALLENGE/DAILY_C4_DESC,2,2000,,1,,,,,177,
4170,ch_daily_thermite_short_s4,CHALLENGE/DAILY_THERMITE,CHALLENGE/DAILY_THERMITE_DESC,1,2000,,1,,,,,180,
4171,ch_daily_proximity_mine_short_s4,CHALLENGE/DAILY_PROXIMITY_MINE,CHALLENGE/DAILY_PROXIMITY_MINE_DESC,2,2000,,1,,,,,155,
4172,ch_daily_flash_grenade_short_s4,CHALLENGE/DAILY_FLASH_GRENADE,CHALLENGE/DAILY_FLASH_GRENADE_DESC,5,2000,,1,,,,,160,
4173,ch_daily_smoke_grenade_short_s4,CHALLENGE/DAILY_SMOKE_GRENADE,CHALLENGE/DAILY_SMOKE_GRENADE_DESC,5,2000,,1,,,,,188,
4174,ch_daily_stun_grenade_short_s4,CHALLENGE/DAILY_STUN_GRENADE,CHALLENGE/DAILY_STUN_GRENADE_DESC,5,2000,,1,,,,,175,
4175,ch_daily_stim_short_s4,CHALLENGE/DAILY_STIM,CHALLENGE/DAILY_STIM_DESC,200,2000,,1,,,,,185,
4176,ch_daily_inbound_short_s4,CHALLENGE/DAILY_INBOUND,CHALLENGE/DAILY_INBOUND_DESC,5,2000,,1,,,,,149,
4177,ch_daily_all_clear_short_s4,CHALLENGE/DAILY_ALL_CLEAR,CHALLENGE/DAILY_ALL_CLEAR_DESC,3,2000,,1,,,,,174,
4178,ch_daily_personal_uav_short_s4,CHALLENGE/DAILY_PERSONAL_UAV,CHALLENGE/DAILY_PERSONAL_UAV_DESC,10,2000,,1,,,,,170,
4179,ch_daily_uav_short_s4,CHALLENGE/DAILY_UAV,CHALLENGE/DAILY_UAV_DESC,3,2000,,1,,,,,187,
4180,ch_daily_team_deathmatch_wins_short_s4,CHALLENGE/DAILY_TEAM_DEATHMATCH_WINS,CHALLENGE/DAILY_TEAM_DEATHMATCH_WINS_DESC,1,2000,,1,,,,,168,
4181,ch_daily_search_and_destroy_wins_short_s4,CHALLENGE/DAILY_SEARCH_DESTROY_WINS,CHALLENGE/DAILY_SEARCH_DESTROY_WINS_DESC,1,2000,,1,,,,,169,
4182,ch_daily_domination_wins_short_s4,CHALLENGE/DAILY_DOMINATION_WINS,CHALLENGE/DAILY_DOMINATION_WINS_DESC,1,2000,,1,,,,,145,
4183,ch_daily_cyber_attack_wins_short_s4,CHALLENGE/DAILY_CYBER_ATTACK_WINS,CHALLENGE/DAILY_CYBER_ATTACK_WINS_DESC,1,2000,,1,,,,,173,
4184,ch_daily_headquarters_wins_short_s4,CHALLENGE/DAILY_HEADQUARTERS_WINS,CHALLENGE/DAILY_HEADQUARTERS_WINS_DESC,1,2000,,1,,,,,184,
4185,ch_daily_killer_medium_s4,CHALLENGE/DAILY_KILLER,CHALLENGE/DAILY_KILLER_DESC,50,4500,,2,,,,,146,
4186,ch_daily_headhunter_medium_s4,CHALLENGE/DAILY_HEADHUNTER,CHALLENGE/DAILY_HEADHUNTER_DESC,15,4500,,2,,,,,169,
4187,ch_daily_close_and_personal_medium_s4,CHALLENGE/DAILY_CLOSE_AND_PERSONAL,CHALLENGE/DAILY_CLOSE_AND_PERSONAL_DESC,5,4500,,2,,,,,165,
4188,ch_daily_assister_medium_s4,CHALLENGE/DAILY_ASSISTER,CHALLENGE/DAILY_ASSISTER_DESC,20,4500,,2,,,,,172,
4189,ch_daily_ads_medium_s4,CHALLENGE/DAILY_ADS,CHALLENGE/DAILY_ADS_DESC,50,4500,,2,,,,,162,
4190,ch_daily_hipster_medium_s4,CHALLENGE/DAILY_HIPSTER,CHALLENGE/DAILY_HIPSTER_DESC,20,4500,,2,,,,,144,
4191,ch_daily_point_blank_medium_s4,CHALLENGE/DAILY_POINT_BLANK,CHALLENGE/DAILY_POINT_BLANK_DESC,10,4500,,2,,,,,160,
4192,ch_daily_long_shot_medium_s4,CHALLENGE/DAILY_LONG_SHOT,CHALLENGE/DAILY_LONG_SHOT_DESC,15,4500,,2,,,,,147,
4193,ch_daily_one_shot_medium_s4,CHALLENGE/DAILY_ONE_SHOT,CHALLENGE/DAILY_ONE_SHOT_DESC,20,4500,,2,,,,,179,
4194,ch_daily_well_equipped_medium_s4,CHALLENGE/DAILY_WELL_EQUIPPED,CHALLENGE/DAILY_WELL_EQUIPPED_DESC,10,4500,,2,,,,,193,
4195,ch_daily_streaker_medium_s4,CHALLENGE/DAILY_STREAKER,CHALLENGE/DAILY_STREAKER_DESC,15,4500,,2,,,,,186,
4196,ch_daily_backup_plan_medium_s4,CHALLENGE/DAILY_BACKUP_PLAN,CHALLENGE/DAILY_BACKUP_PLAN_DESC,25,4500,,2,,,,,178,
4197,ch_daily_heads_up_medium_s4,CHALLENGE/DAILY_HEADS_UP,CHALLENGE/DAILY_HEADS_UP_DESC,10,4500,,2,,,,,157,
4198,ch_daily_karma_medium_s4,CHALLENGE/DAILY_KARMA,CHALLENGE/DAILY_KARMA_DESC,30,4500,,2,,,,,181,
4199,ch_daily_revenant_medium_s4,CHALLENGE/DAILY_REVENANT,CHALLENGE/DAILY_REVENANT_DESC,20,4500,,2,,,,,168,
4200,ch_daily_assault_rifle_kills_medium_s4,CHALLENGE/DAILY_ASSAULT_RIFLE_KILLS,CHALLENGE/DAILY_ASSAULT_RIFLE_KILLS_DESC,50,4500,,2,,,,,155,
4201,ch_daily_assault_rifle_headshots_medium_s4,CHALLENGE/DAILY_ASSAULT_RIFLE_HEADSHOTS,CHALLENGE/DAILY_ASSAULT_RIFLE_HEADSHOTS_DESC,15,4500,,2,,,,,173,
4202,ch_daily_smg_kills_medium_s4,CHALLENGE/DAILY_SMG_KILLS,CHALLENGE/DAILY_SMG_KILLS_DESC,50,4500,,2,,,,,175,
4203,ch_daily_smg_kills_headshots_medium_s4,CHALLENGE/DAILY_SMG_KILLS_HEADSHOTS,CHALLENGE/DAILY_SMG_KILLS_HEADSHOTS_DESC,15,4500,,2,,,,,187,
4204,ch_daily_lmg_kills_medium_s4,CHALLENGE/DAILY_LMG_KILLS,CHALLENGE/DAILY_LMG_KILLS_DESC,50,4500,,2,,,,,158,
4205,ch_daily_lmg_kills_headshots_medium_s4,CHALLENGE/DAILY_LMG_KILLS_HEADSHOTS,CHALLENGE/DAILY_LMG_KILLS_HEADSHOTS_DESC,15,4500,,2,,,,,148,
4206,ch_daily_shotgun_kills_medium_s4,CHALLENGE/DAILY_SHOTGUN_KILLS,CHALLENGE/DAILY_SHOTGUN_KILLS_DESC,45,4500,,2,,,,,170,
4207,ch_daily_shotgun_kills_headshots_medium_s4,CHALLENGE/DAILY_SHOTGUN_KILLS_HEADSHOTS,CHALLENGE/DAILY_SHOTGUN_KILLS_HEADSHOTS_DESC,15,4500,,2,,,,,171,
4208,ch_daily_sniper_kills_medium_s4,CHALLENGE/DAILY_SNIPER_KILLS,CHALLENGE/DAILY_SNIPER_KILLS_DESC,45,4500,,2,,,,,192,
4209,ch_daily_sniper_kills_headshots_medium_s4,CHALLENGE/DAILY_SNIPER_KILLS_HEADSHOTS,CHALLENGE/DAILY_SNIPER_KILLS_HEADSHOTS_DESC,15,4500,,2,,,,,163,
4210,ch_daily_pistol_kills_medium_s4,CHALLENGE/DAILY_PISTOL_KILLS,CHALLENGE/DAILY_PISTOL_KILLS_DESC,30,4500,,2,,,,,152,
4211,ch_daily_pistol_kills_headshots_medium_s4,CHALLENGE/DAILY_PISTOL_KILLS_HEADSHOTS,CHALLENGE/DAILY_PISTOL_KILLS_HEADSHOTS_DESC,5,4500,,2,,,,,139,
4212,ch_daily_launcher_kills_medium_s4,CHALLENGE/DAILY_LAUNCHER_KILLS,CHALLENGE/DAILY_LAUNCHER_KILLS_DESC,15,4500,,2,,,,,176,
4213,ch_daily_launcher_destroys_medium_s4,CHALLENGE/DAILY_LAUNCHER_DESTROYS,CHALLENGE/DAILY_LAUNCHER_DESTROYS_DESC,10,4500,,2,,,,,167,
4214,ch_daily_zero_tolerance_medium_s4,CHALLENGE/DAILY_ZERO_TOLERANCE,CHALLENGE/DAILY_ZERO_TOLERANCE_DESC,50,4500,,2,,,,,180,
4215,ch_daily_one_trick_pony_medium_s4,CHALLENGE/DAILY_ONE_TRICK_PONY,CHALLENGE/DAILY_ONE_TRICK_PONY_DESC,50,4500,,2,,,,,142,
4216,ch_daily_two_to_tango_medium_s4,CHALLENGE/DAILY_TWO_TO_TANGO,CHALLENGE/DAILY_TWO_TO_TANGO_DESC,50,4500,,2,,,,,182,
4217,ch_daily_three_cheers_medium_s4,CHALLENGE/DAILY_THREE_CHEERS,CHALLENGE/DAILY_THREE_CHEERS_DESC,50,4500,,2,,,,,189,
4218,ch_daily_four_leaf_clover_medium_s4,CHALLENGE/DAILY_FOUR_LEAF_CLOVER,CHALLENGE/DAILY_FOUR_LEAF_CLOVER_DESC,50,4500,,2,,,,,177,
4219,ch_daily_high_five_medium_s4,CHALLENGE/DAILY_HIGH_FIVE,CHALLENGE/DAILY_HIGH_FIVE_DESC,50,4500,,2,,,,,166,
4220,ch_daily_frag_medium_s4,CHALLENGE/DAILY_FRAG,CHALLENGE/DAILY_FRAG_DESC,5,4500,,2,,,,,141,
4221,ch_daily_semtex_medium_s4,CHALLENGE/DAILY_SEMTEX,CHALLENGE/DAILY_SEMTEX_DESC,5,4500,,2,,,,,159,
4222,ch_daily_molotov_cocktail_medium_s4,CHALLENGE/DAILY_MOLOTOV_COCKTAIL,CHALLENGE/DAILY_MOLOTOV_COCKTAIL_DESC,3,4500,,2,,,,,184,
4223,ch_daily_claymore_medium_s4,CHALLENGE/DAILY_CLAYMORE,CHALLENGE/DAILY_CLAYMORE_DESC,5,4500,,2,,,,,151,
4224,ch_daily_throwing_knife_medium_s4,CHALLENGE/DAILY_THROWING_KNIFE,CHALLENGE/DAILY_THROWING_KNIFE_DESC,5,4500,,2,,,,,174,
4225,ch_daily_c4_medium_s4,CHALLENGE/DAILY_C4,CHALLENGE/DAILY_C4_DESC,5,4500,,2,,,,,138,
4226,ch_daily_thermite_medium_s4,CHALLENGE/DAILY_THERMITE,CHALLENGE/DAILY_THERMITE_DESC,3,4500,,2,,,,,149,
4227,ch_daily_proximity_mine_medium_s4,CHALLENGE/DAILY_PROXIMITY_MINE,CHALLENGE/DAILY_PROXIMITY_MINE_DESC,5,4500,,2,,,,,154,
4228,ch_daily_flash_grenade_medium_s4,CHALLENGE/DAILY_FLASH_GRENADE,CHALLENGE/DAILY_FLASH_GRENADE_DESC,15,4500,,2,,,,,164,
4229,ch_daily_smoke_grenade_medium_s4,CHALLENGE/DAILY_SMOKE_GRENADE,CHALLENGE/DAILY_SMOKE_GRENADE_DESC,15,4500,,2,,,,,190,
4230,ch_daily_stun_grenade_medium_s4,CHALLENGE/DAILY_STUN_GRENADE,CHALLENGE/DAILY_STUN_GRENADE_DESC,15,4500,,2,,,,,188,
4231,ch_daily_stim_medium_s4,CHALLENGE/DAILY_STIM,CHALLENGE/DAILY_STIM_DESC,600,4500,,2,,,,,183,
4232,ch_daily_inbound_medium_s4,CHALLENGE/DAILY_INBOUND,CHALLENGE/DAILY_INBOUND_DESC,15,4500,,2,,,,,185,
4233,ch_daily_all_clear_medium_s4,CHALLENGE/DAILY_ALL_CLEAR,CHALLENGE/DAILY_ALL_CLEAR_DESC,10,4500,,2,,,,,143,
4234,ch_daily_personal_uav_medium_s4,CHALLENGE/DAILY_PERSONAL_UAV,CHALLENGE/DAILY_PERSONAL_UAV_DESC,25,4500,,2,,,,,140,
4235,ch_daily_uav_medium_s4,CHALLENGE/DAILY_UAV,CHALLENGE/DAILY_UAV_DESC,10,4500,,2,,,,,156,
4236,ch_daily_team_deathmatch_wins_medium_s4,CHALLENGE/DAILY_TEAM_DEATHMATCH_WINS,CHALLENGE/DAILY_TEAM_DEATHMATCH_WINS_DESC,2,4500,,2,,,,,191,
4237,ch_daily_search_destroy_wins_medium_s4,CHALLENGE/DAILY_SEARCH_DESTROY_WINS,CHALLENGE/DAILY_SEARCH_DESTROY_WINS_DESC,2,4500,,2,,,,,161,
4238,ch_daily_domination_wins_medium_s4,CHALLENGE/DAILY_DOMINATION_WINS,CHALLENGE/DAILY_DOMINATION_WINS_DESC,2,4500,,2,,,,,153,
4239,ch_daily_cyber_attack_wins_medium_s4,CHALLENGE/DAILY_CYBER_ATTACK_WINS,CHALLENGE/DAILY_CYBER_ATTACK_WINS_DESC,2,4500,,2,,,,,145,
4240,ch_daily_headquarters_wins_medium_s4,CHALLENGE/DAILY_HEADQUARTERS_WINS,CHALLENGE/DAILY_HEADQUARTERS_WINS_DESC,2,4500,,2,,,,,150,
4241,ch_daily_killer_long_s4,CHALLENGE/DAILY_KILLER,CHALLENGE/DAILY_KILLER_DESC,75,6000,190279,3,,,,,176,
4242,ch_daily_headhunter_long_s4,CHALLENGE/DAILY_HEADHUNTER,CHALLENGE/DAILY_HEADHUNTER_DESC,20,6000,190284,3,,,,,161,
4243,ch_daily_close_and_personal_long_s4,CHALLENGE/DAILY_CLOSE_AND_PERSONAL,CHALLENGE/DAILY_CLOSE_AND_PERSONAL_DESC,10,6000,190286,3,,,,,169,
4244,ch_daily_assister_long_s4,CHALLENGE/DAILY_ASSISTER,CHALLENGE/DAILY_ASSISTER_DESC,30,6000,190231,3,,,,,141,
4245,ch_daily_ads_long_s4,CHALLENGE/DAILY_ADS,CHALLENGE/DAILY_ADS_DESC,75,6000,190238,3,,,,,190,
4246,ch_daily_hipster_long_s4,CHALLENGE/DAILY_HIPSTER,CHALLENGE/DAILY_HIPSTER_DESC,30,6000,190202,3,,,,,171,
4247,ch_daily_point_blank_long_s4,CHALLENGE/DAILY_POINT_BLANK,CHALLENGE/DAILY_POINT_BLANK_DESC,20,6000,190212,3,,,,,165,
4248,ch_daily_long_shot_long_s4,CHALLENGE/DAILY_LONG_SHOT,CHALLENGE/DAILY_LONG_SHOT_DESC,20,6000,190214,3,,,,,149,
4249,ch_daily_one_shot_long_s4,CHALLENGE/DAILY_ONE_SHOT,CHALLENGE/DAILY_ONE_SHOT_DESC,30,6000,190215,3,,,,,189,
4250,ch_daily_well_equipped_long_s4,CHALLENGE/DAILY_WELL_EQUIPPED,CHALLENGE/DAILY_WELL_EQUIPPED_DESC,15,6000,190370,3,,,,,140,
4251,ch_daily_streaker_long_s4,CHALLENGE/DAILY_STREAKER,CHALLENGE/DAILY_STREAKER_DESC,25,6000,190371,3,,,,,158,
4252,ch_daily_backup_plan_long_s4,CHALLENGE/DAILY_BACKUP_PLAN,CHALLENGE/DAILY_BACKUP_PLAN_DESC,45,6000,190373,3,,,,,180,
4253,ch_daily_heads_up_long_s4,CHALLENGE/DAILY_HEADS_UP,CHALLENGE/DAILY_HEADS_UP_DESC,15,6000,190377,3,,,,,144,
4254,ch_daily_karma_long_s4,CHALLENGE/DAILY_KARMA,CHALLENGE/DAILY_KARMA_DESC,45,6000,190379,3,,,,,172,
4255,ch_daily_revenant_long_s4,CHALLENGE/DAILY_REVENANT,CHALLENGE/DAILY_REVENANT_DESC,30,6000,190380,3,,,,,153,
4256,ch_daily_assault_rifle_kills_long_s4,CHALLENGE/DAILY_ASSAULT_RIFLE_KILLS,CHALLENGE/DAILY_ASSAULT_RIFLE_KILLS_DESC,75,6000,190381,3,,,,,174,
4257,ch_daily_assault_rifle_headshots_long_s4,CHALLENGE/DAILY_ASSAULT_RIFLE_HEADSHOTS,CHALLENGE/DAILY_ASSAULT_RIFLE_HEADSHOTS_DESC,20,6000,190383,3,,,,,151,
4258,ch_daily_smg_kills_long_s4,CHALLENGE/DAILY_SMG_KILLS,CHALLENGE/DAILY_SMG_KILLS_DESC,75,6000,190384,3,,,,,183,
4259,ch_daily_smg_kills_headshots_long_s4,CHALLENGE/DAILY_SMG_KILLS_HEADSHOTS,CHALLENGE/DAILY_SMG_KILLS_HEADSHOTS_DESC,20,6000,190385,3,,,,,162,
4260,ch_daily_lmg_kills_long_s4,CHALLENGE/DAILY_LMG_KILLS,CHALLENGE/DAILY_LMG_KILLS_DESC,75,6000,190386,3,,,,,163,
4261,ch_daily_lmg_kills_headshots_long_s4,CHALLENGE/DAILY_LMG_KILLS_HEADSHOTS,CHALLENGE/DAILY_LMG_KILLS_HEADSHOTS_DESC,20,6000,190387,3,,,,,146,
4262,ch_daily_shotgun_kills_long_s4,CHALLENGE/DAILY_SHOTGUN_KILLS,CHALLENGE/DAILY_SHOTGUN_KILLS_DESC,60,6000,190388,3,,,,,184,
4263,ch_daily_shotgun_kills_headshots_long_s4,CHALLENGE/DAILY_SHOTGUN_KILLS_HEADSHOTS,CHALLENGE/DAILY_SHOTGUN_KILLS_HEADSHOTS_DESC,20,6000,190390,3,,,,,152,
4264,ch_daily_sniper_kills_long_s4,CHALLENGE/DAILY_SNIPER_KILLS,CHALLENGE/DAILY_SNIPER_KILLS_DESC,60,6000,190412,3,,,,,168,
4265,ch_daily_sniper_kills_headshots_long_s4,CHALLENGE/DAILY_SNIPER_KILLS_HEADSHOTS,CHALLENGE/DAILY_SNIPER_KILLS_HEADSHOTS_DESC,20,6000,190413,3,,,,,185,
4266,ch_daily_pistol_kills_long_s4,CHALLENGE/DAILY_PISTOL_KILLS,CHALLENGE/DAILY_PISTOL_KILLS_DESC,45,6000,190415,3,,,,,175,
4267,ch_daily_pistol_kills_headshots_long_s4,CHALLENGE/DAILY_PISTOL_KILLS_HEADSHOTS,CHALLENGE/DAILY_PISTOL_KILLS_HEADSHOTS_DESC,10,6000,190416,3,,,,,147,
4268,ch_daily_launcher_kills_long_s4,CHALLENGE/DAILY_LAUNCHER_KILLS,CHALLENGE/DAILY_LAUNCHER_KILLS_DESC,30,6000,190417,3,,,,,159,
4269,ch_daily_launcher_destroys_long_s4,CHALLENGE/DAILY_LAUNCHER_DESTROYS,CHALLENGE/DAILY_LAUNCHER_DESTROYS_DESC,15,6000,190418,3,,,,,160,
4270,ch_daily_zero_tolerance_long_s4,CHALLENGE/DAILY_ZERO_TOLERANCE,CHALLENGE/DAILY_ZERO_TOLERANCE_DESC,75,6000,190420,3,,,,,178,
4271,ch_daily_one_trick_pony_long_s4,CHALLENGE/DAILY_ONE_TRICK_PONY,CHALLENGE/DAILY_ONE_TRICK_PONY_DESC,75,6000,190421,3,,,,,157,
4272,ch_daily_two_to_tango_long_s4,CHALLENGE/DAILY_TWO_TO_TANGO,CHALLENGE/DAILY_TWO_TO_TANGO_DESC,75,6000,180538,3,,,,,181,
4273,ch_daily_three_cheers_long_s4,CHALLENGE/DAILY_THREE_CHEERS,CHALLENGE/DAILY_THREE_CHEERS_DESC,75,6000,180541,3,,,,,177,
4274,ch_daily_four_leaf_clover_long_s4,CHALLENGE/DAILY_FOUR_LEAF_CLOVER,CHALLENGE/DAILY_FOUR_LEAF_CLOVER_DESC,75,6000,180583,3,,,,,191,
4275,ch_daily_high_five_long_s4,CHALLENGE/DAILY_HIGH_FIVE,CHALLENGE/DAILY_HIGH_FIVE_DESC,75,6000,180585,3,,,,,188,
4276,ch_daily_frag_long_s4,CHALLENGE/DAILY_FRAG,CHALLENGE/DAILY_FRAG_DESC,10,6000,180586,3,,,,,166,
4277,ch_daily_semtex_long_s4,CHALLENGE/DAILY_SEMTEX,CHALLENGE/DAILY_SEMTEX_DESC,10,6000,180587,3,,,,,192,
4278,ch_daily_molotov_cocktail_long_s4,CHALLENGE/DAILY_MOLOTOV_COCKTAIL,CHALLENGE/DAILY_MOLOTOV_COCKTAIL_DESC,7,6000,200002,3,,,,,143,
4279,ch_daily_claymore_long_s4,CHALLENGE/DAILY_CLAYMORE,CHALLENGE/DAILY_CLAYMORE_DESC,10,6000,200002,3,,,,,182,
4280,ch_daily_throwing_knife_long_s4,CHALLENGE/DAILY_THROWING_KNIFE,CHALLENGE/DAILY_THROWING_KNIFE_DESC,10,6000,200002,3,,,,,138,
4281,ch_daily_c4_long_s4,CHALLENGE/DAILY_C4,CHALLENGE/DAILY_C4_DESC,10,6000,200002,3,,,,,156,
4282,ch_daily_thermite_long_s4,CHALLENGE/DAILY_THERMITE,CHALLENGE/DAILY_THERMITE_DESC,7,6000,200002,3,,,,,154,
4283,ch_daily_proximity_mine_long_s4,CHALLENGE/DAILY_PROXIMITY_MINE,CHALLENGE/DAILY_PROXIMITY_MINE_DESC,10,6000,200002,3,,,,,167,
4284,ch_daily_flash_grenade_long_s4,CHALLENGE/DAILY_FLASH_GRENADE,CHALLENGE/DAILY_FLASH_GRENADE_DESC,20,6000,200002,3,,,,,170,
4285,ch_daily_smoke_grenade_long_s4,CHALLENGE/DAILY_SMOKE_GRENADE,CHALLENGE/DAILY_SMOKE_GRENADE_DESC,25,6000,200002,3,,,,,164,
4286,ch_daily_stun_grenade_long_s4,CHALLENGE/DAILY_STUN_GRENADE,CHALLENGE/DAILY_STUN_GRENADE_DESC,20,6000,200002,3,,,,,179,
4287,ch_daily_stim_long_s4,CHALLENGE/DAILY_STIM,CHALLENGE/DAILY_STIM_DESC,750,6000,200030,3,,,,,150,
4288,ch_daily_inbound_long_s4,CHALLENGE/DAILY_INBOUND,CHALLENGE/DAILY_INBOUND_DESC,20,6000,200030,3,,,,,186,
4289,ch_daily_all_clear_long_s4,CHALLENGE/DAILY_ALL_CLEAR,CHALLENGE/DAILY_ALL_CLEAR_DESC,15,6000,200030,3,,,,,148,
4290,ch_daily_personal_uav_long_s4,CHALLENGE/DAILY_PERSONAL_UAV,CHALLENGE/DAILY_PERSONAL_UAV_DESC,40,6000,200030,3,,,,,145,
4291,ch_daily_uav_long_s4,CHALLENGE/DAILY_UAV,CHALLENGE/DAILY_UAV_DESC,15,6000,200030,3,,,,,139,
4292,ch_daily_team_deathmatch_wins_long_s4,CHALLENGE/DAILY_TEAM_DEATHMATCH_WINS,CHALLENGE/DAILY_TEAM_DEATHMATCH_WINS_DESC,3,6000,200030,3,,,,,187,
4293,ch_daily_search_destroy_wins_long_s4,CHALLENGE/DAILY_SEARCH_DESTROY_WINS,CHALLENGE/DAILY_SEARCH_DESTROY_WINS_DESC,3,6000,200030,3,,,,,142,
4294,ch_daily_domination_wins_long_s4,CHALLENGE/DAILY_DOMINATION_WINS,CHALLENGE/DAILY_DOMINATION_WINS_DESC,3,6000,200030,3,,,,,173,
4295,ch_daily_cyber_attack_wins_long_s4,CHALLENGE/DAILY_CYBER_ATTACK_WINS,CHALLENGE/DAILY_CYBER_ATTACK_WINS_DESC,3,6000,200030,3,,,,,193,
4296,ch_daily_headquarters_wins_long_s4,CHALLENGE/DAILY_HEADQUARTERS_WINS,CHALLENGE/DAILY_HEADQUARTERS_WINS_DESC,3,6000,200030,3,,,,,155,
4315,ch_daily_ar_kills_matches_short_s5,CHALLENGE/DAILY_ASSAULT_RIFLE_KILLS,CHALLENGE/DAILY_AR_KILLS_MATCHES_DESC,2,2000,,1,,,,,197,
4316,ch_daily_sh_kills_matches_short_s5,CHALLENGE/DAILY_SHOTGUN_KILLS,CHALLENGE/DAILY_SH_KILLS_MATCHES_DESC,2,2000,,1,,,,,201,
4317,ch_daily_sm_kills_matches_short_s5,CHALLENGE/DAILY_SMG_KILLS,CHALLENGE/DAILY_SM_KILLS_MATCHES_DESC,2,2000,,1,,,,,198,
4318,ch_daily_lm_kills_matches_short_s5,CHALLENGE/DAILY_LMG_KILLS,CHALLENGE/DAILY_LM_KILLS_MATCHES_DESC,2,2000,,1,,,,,217,
4319,ch_daily_sn_kills_matches_short_s5,CHALLENGE/DAILY_SNIPER_KILLS,CHALLENGE/DAILY_SN_KILLS_MATCHES_DESC,2,2000,,1,,,,,205,
4320,ch_daily_la_kills_matches_short_s5,CHALLENGE/DAILY_LAUNCHER_KILLS,CHALLENGE/DAILY_LA_KILLS_MATCHES_DESC,2,2000,,1,,,,,227,
4321,ch_daily_pi_kills_matches_short_s5,CHALLENGE/DAILY_PISTOL_KILLS,CHALLENGE/DAILY_PI_KILLS_MATCHES_DESC,2,2000,,1,,,,,234,
4322,ch_daily_hs_matches_short_s5,CHALLENGE/DAILY_HS_MATCHES,CHALLENGE/DAILY_HS_MATCHES_DESC,2,2000,,1,,,,,207,
4323,ch_daily_weapon_drop_short_s5,CHALLENGE/DAILY_WEAPON_DROP,CHALLENGE/DAILY_WEAPON_DROP_DESC,3,2000,,1,,,,,228,
4324,ch_daily_capture_short_s5,CHALLENGE/DAILY_CAPTURE,CHALLENGE/DAILY_CAPTURE_DESC,3,2000,,1,,,,,199,
4325,ch_daily_attachment_reflex_short_s5,CHALLENGE/DAILY_ATTACHMENT_EQUIP,CHALLENGE/DAILY_ATTACHMENT_REFLEX_DESC,7,2000,,1,,,,,246,
4326,ch_daily_attachment_acog_short_s5,CHALLENGE/DAILY_ATTACHMENT_EQUIP,CHALLENGE/DAILY_ATTACHMENT_ACOG_DESC,7,2000,,1,,,,,233,
4327,ch_daily_attachment_holo_short_s5,CHALLENGE/DAILY_ATTACHMENT_EQUIP,CHALLENGE/DAILY_ATTACHMENT_HOLO_DESC,7,2000,,1,,,,,195,
4328,ch_daily_attachment_hybrid_short_s5,CHALLENGE/DAILY_ATTACHMENT_EQUIP,CHALLENGE/DAILY_ATTACHMENT_HYBRID_DESC,7,2000,,1,,,,,218,
4329,ch_daily_attachment_pistolgrip_short_s5,CHALLENGE/DAILY_ATTACHMENT_EQUIP,CHALLENGE/DAILY_ATTACHMENT_PISTOLGRIP_DESC,7,2000,,1,,,,,209,
4330,ch_daily_attachment_drummag_short_s5,CHALLENGE/DAILY_ATTACHMENT_EQUIP,CHALLENGE/DAILY_ATTACHMENT_DRUMMAG_DESC,7,2000,,1,,,,,232,
4331,ch_daily_attachment_laser_short_s5,CHALLENGE/DAILY_ATTACHMENT_EQUIP,CHALLENGE/DAILY_ATTACHMENT_LASER_DESC,7,2000,,1,,,,,202,
4332,ch_daily_attachment_nostock_short_s5,CHALLENGE/DAILY_ATTACHMENT_EQUIP,CHALLENGE/DAILY_ATTACHMENT_NOSTOCK_DESC,7,2000,,1,,,,,238,
4333,ch_daily_attachment_barrel_short_s5,CHALLENGE/DAILY_ATTACHMENT_EQUIP,CHALLENGE/DAILY_ATTACHMENT_BARREL_DESC,7,2000,,1,,,,,243,
4334,ch_daily_attachment_muzzle_short_s5,CHALLENGE/DAILY_ATTACHMENT_EQUIP,CHALLENGE/DAILY_ATTACHMENT_MUZZLE_DESC,7,2000,,1,,,,,241,
4335,ch_daily_attachment_fmj_short_s5,CHALLENGE/DAILY_ATTACHMENT_EQUIP,CHALLENGE/DAILY_ATTACHMENT_FMJ_DESC,7,2000,,1,,,,,244,
4336,ch_daily_attachment_soh_short_s5,CHALLENGE/DAILY_ATTACHMENT_EQUIP,CHALLENGE/DAILY_ATTACHMENT_SOH_DESC,7,2000,,1,,,,,221,
4337,ch_daily_attachment_foregrip_short_s5,CHALLENGE/DAILY_ATTACHMENT_EQUIP,CHALLENGE/DAILY_ATTACHMENT_FOREGRIP_DESC,7,2000,,1,,,,,236,
4338,ch_daily_quickscope_short_s5,CHALLENGE/DAILY_QUICKSCOPE,CHALLENGE/DAILY_QUICKSCOPE_DESC,3,2000,,1,,,,,200,
4339,ch_daily_ar_gun_1_short_s5,CHALLENGE/DAILY_AR_GUN_1,CHALLENGE/DAILY_AR_GUN_1_DESC,7,2000,,1,,,,,216,
4340,ch_daily_ar_gun_2_short_s5,CHALLENGE/DAILY_AR_GUN_2,CHALLENGE/DAILY_AR_GUN_2_DESC,7,2000,,1,,,,,229,
4341,ch_daily_ar_gun_3_short_s5,CHALLENGE/DAILY_AR_GUN_3,CHALLENGE/DAILY_AR_GUN_3_DESC,7,2000,,1,,,,,240,
4342,ch_daily_sm_gun_1_short_s5,CHALLENGE/DAILY_SM_GUN_1,CHALLENGE/DAILY_SM_GUN_1_DESC,7,2000,,1,,,,,204,
4343,ch_daily_sm_gun_2_short_s5,CHALLENGE/DAILY_SM_GUN_2,CHALLENGE/DAILY_SM_GUN_2_DESC,7,2000,,1,,,,,212,
4344,ch_daily_sm_gun_3_short_s5,CHALLENGE/DAILY_SM_GUN_3,CHALLENGE/DAILY_SM_GUN_3_DESC,7,2000,,1,,,,,213,
4345,ch_daily_sh_gun_1_short_s5,CHALLENGE/DAILY_SH_GUN_1,CHALLENGE/DAILY_SH_GUN_1_DESC,7,2000,,1,,,,,230,
4346,ch_daily_sh_gun_2_short_s5,CHALLENGE/DAILY_SH_GUN_2,CHALLENGE/DAILY_SH_GUN_2_DESC,7,2000,,1,,,,,222,
4347,ch_daily_sn_gun_1_short_s5,CHALLENGE/DAILY_SN_GUN_1,CHALLENGE/DAILY_SN_GUN_1_DESC,7,2000,,1,,,,,196,
4348,ch_daily_lm_gun_1_short_s5,CHALLENGE/DAILY_LM_GUN_1,CHALLENGE/DAILY_LM_GUN_1_DESC,7,2000,,1,,,,,219,
4349,ch_daily_attachment_reflex_pistolgrip_short_s5,CHALLENGE/DAILY_ATTACHMENT_EQUIP,CHALLENGE/DAILY_ATTACHMENT_REFLEX_PISTOLGRIP_DESC,7,2000,,1,,,,,225,
4350,ch_daily_attachment_acog_fmj_short_s5,CHALLENGE/DAILY_ATTACHMENT_EQUIP,CHALLENGE/DAILY_ATTACHMENT_ACOG_FMJ_DESC,7,2000,,1,,,,,208,
4351,ch_daily_attachment_nostock_drum_short_s5,CHALLENGE/DAILY_ATTACHMENT_EQUIP,CHALLENGE/DAILY_ATTACHMENT_NOSTOCK_DRUM_DESC,7,2000,,1,,,,,245,
4352,ch_daily_attachment_holo_barrel_short_s5,CHALLENGE/DAILY_ATTACHMENT_EQUIP,CHALLENGE/DAILY_ATTACHMENT_HOLO_BARREL_DESC,7,2000,,1,,,,,223,
4353,ch_daily_attachment_nostock_laser_short_s5,CHALLENGE/DAILY_ATTACHMENT_EQUIP,CHALLENGE/DAILY_ATTACHMENT_NOSTOCK_LASER_DESC,7,2000,,1,,,,,242,
4354,ch_daily_attachment_fmj_laser_short_s5,CHALLENGE/DAILY_ATTACHMENT_EQUIP,CHALLENGE/DAILY_ATTACHMENT_FMJ_LASER_DESC,7,2000,,1,,,,,194,
4355,ch_daily_attachment_pistolgrip_laser_short_s5,CHALLENGE/DAILY_ATTACHMENT_EQUIP,CHALLENGE/DAILY_ATTACHMENT_PISTOLGRIP_LASER_DESC,7,2000,,1,,,,,215,
4356,ch_daily_attachment_hybrid_muzzle_short_s5,CHALLENGE/DAILY_ATTACHMENT_EQUIP,CHALLENGE/DAILY_ATTACHMENT_HYBRID_MUZZLE_DESC,7,2000,,1,,,,,224,
4357,ch_daily_attachment_grip_soh_short_s5,CHALLENGE/DAILY_ATTACHMENT_EQUIP,CHALLENGE/DAILY_ATTACHMENT_GRIP_SOH_DESC,7,2000,,1,,,,,203,
4358,ch_daily_personal_uav_short_s5,CHALLENGE/DAILY_PERSONAL_UAV,CHALLENGE/DAILY_PERSONAL_UAV_DESC,10,2000,,1,,,,,237,
4359,ch_daily_uav_short_s5,CHALLENGE/DAILY_UAV,CHALLENGE/DAILY_UAV_DESC,7,2000,,1,,,,,220,
4360,ch_daily_shield_turret_short_s5,CHALLENGE/DAILY_SHIELD_TURRET,CHALLENGE/DAILY_SHIELD_TURRET_DESC,10,2000,,1,,,,,239,
4361,ch_daily_counter_uav_short_s5,CHALLENGE/DAILY_COUNTER_UAV,CHALLENGE/DAILY_COUNTER_UAV_DESC,7,2000,,1,,,,,210,
4362,ch_daily_care_package_short_s5,CHALLENGE/DAILY_CARE_PACKAGE,CHALLENGE/DAILY_CARE_PACKAGE_DESC,5,2000,,1,,,,,235,
4363,ch_daily_cluster_strike_short_s5,CHALLENGE/DAILY_CLUSTER_STRIKE,CHALLENGE/DAILY_CLUSTER_STRIKE_DESC,3,2000,,1,,,,,206,
4364,ch_daily_cruise_missile_short_s5,CHALLENGE/DAILY_CRUISE_MISSILE,CHALLENGE/DAILY_CRUISE_MISSILE_DESC,3,2000,,1,,,,,226,
4365,ch_daily_precision_airstrike_short_s5,CHALLENGE/DAILY_PRECISION_AIRSTRIKE,CHALLENGE/DAILY_PRECISION_AIRSTRIKE_DESC,3,2000,,1,,,,,231,
4366,ch_daily_sentry_gun_short_s5,CHALLENGE/DAILY_SENTRY_GUN,CHALLENGE/DAILY_SENTRY_GUN_DESC,1,2000,,1,,,,,214,
4367,ch_daily_wheelson_short_s5,CHALLENGE/DAILY_WHEELSON,CHALLENGE/DAILY_WHEELSON_DESC,1,2000,,1,,,,,211,
4368,ch_daily_ar_kills_matches_medium_s5,CHALLENGE/DAILY_ASSAULT_RIFLE_KILLS,CHALLENGE/DAILY_AR_KILLS_MATCHES_DESC,3,4500,,2,,,,,216,
4369,ch_daily_sh_kills_matches_medium_s5,CHALLENGE/DAILY_SHOTGUN_KILLS,CHALLENGE/DAILY_SH_KILLS_MATCHES_DESC,3,4500,,2,,,,,196,
4370,ch_daily_sm_kills_matches_medium_s5,CHALLENGE/DAILY_SMG_KILLS,CHALLENGE/DAILY_SM_KILLS_MATCHES_DESC,3,4500,,2,,,,,238,
4371,ch_daily_lm_kills_matches_medium_s5,CHALLENGE/DAILY_LMG_KILLS,CHALLENGE/DAILY_LM_KILLS_MATCHES_DESC,3,4500,,2,,,,,226,
4372,ch_daily_sn_kills_matches_medium_s5,CHALLENGE/DAILY_SNIPER_KILLS,CHALLENGE/DAILY_SN_KILLS_MATCHES_DESC,3,4500,,2,,,,,234,
4373,ch_daily_la_kills_matches_medium_s5,CHALLENGE/DAILY_LAUNCHER_KILLS,CHALLENGE/DAILY_LA_KILLS_MATCHES_DESC,3,4500,,2,,,,,239,
4374,ch_daily_pi_kills_matches_medium_s5,CHALLENGE/DAILY_PISTOL_KILLS,CHALLENGE/DAILY_PI_KILLS_MATCHES_DESC,3,4500,,2,,,,,209,
4375,ch_daily_hs_matches_medium_s5,CHALLENGE/DAILY_HS_MATCHES,CHALLENGE/DAILY_HS_MATCHES_DESC,3,4500,,2,,,,,201,
4376,ch_daily_weapon_drop_medium_s5,CHALLENGE/DAILY_WEAPON_DROP,CHALLENGE/DAILY_WEAPON_DROP_DESC,5,4500,,2,,,,,195,
4377,ch_daily_capture_medium_s5,CHALLENGE/DAILY_CAPTURE,CHALLENGE/DAILY_CAPTURE_DESC,5,4500,,2,,,,,213,
4378,ch_daily_attachment_reflex_medium_s5,CHALLENGE/DAILY_ATTACHMENT_EQUIP,CHALLENGE/DAILY_ATTACHMENT_REFLEX_DESC,20,4500,,2,,,,,243,
4379,ch_daily_attachment_acog_medium_s5,CHALLENGE/DAILY_ATTACHMENT_EQUIP,CHALLENGE/DAILY_ATTACHMENT_ACOG_DESC,20,4500,,2,,,,,214,
4380,ch_daily_attachment_holo_medium_s5,CHALLENGE/DAILY_ATTACHMENT_EQUIP,CHALLENGE/DAILY_ATTACHMENT_HOLO_DESC,20,4500,,2,,,,,218,
4381,ch_daily_attachment_hybrid_medium_s5,CHALLENGE/DAILY_ATTACHMENT_EQUIP,CHALLENGE/DAILY_ATTACHMENT_HYBRID_DESC,20,4500,,2,,,,,202,
4382,ch_daily_attachment_pistolgrip_medium_s5,CHALLENGE/DAILY_ATTACHMENT_EQUIP,CHALLENGE/DAILY_ATTACHMENT_PISTOLGRIP_DESC,20,4500,,2,,,,,215,
4383,ch_daily_attachment_drummag_medium_s5,CHALLENGE/DAILY_ATTACHMENT_EQUIP,CHALLENGE/DAILY_ATTACHMENT_DRUMMAG_DESC,20,4500,,2,,,,,208,
4384,ch_daily_attachment_laser_medium_s5,CHALLENGE/DAILY_ATTACHMENT_EQUIP,CHALLENGE/DAILY_ATTACHMENT_LASER_DESC,20,4500,,2,,,,,246,
4385,ch_daily_attachment_nostock_medium_s5,CHALLENGE/DAILY_ATTACHMENT_EQUIP,CHALLENGE/DAILY_ATTACHMENT_NOSTOCK_DESC,20,4500,,2,,,,,203,
4386,ch_daily_attachment_barrel_medium_s5,CHALLENGE/DAILY_ATTACHMENT_EQUIP,CHALLENGE/DAILY_ATTACHMENT_BARREL_DESC,20,4500,,2,,,,,227,
4387,ch_daily_attachment_muzzle_medium_s5,CHALLENGE/DAILY_ATTACHMENT_EQUIP,CHALLENGE/DAILY_ATTACHMENT_MUZZLE_DESC,20,4500,,2,,,,,212,
4388,ch_daily_attachment_fmj_medium_s5,CHALLENGE/DAILY_ATTACHMENT_EQUIP,CHALLENGE/DAILY_ATTACHMENT_FMJ_DESC,20,4500,,2,,,,,220,
4389,ch_daily_attachment_soh_medium_s5,CHALLENGE/DAILY_ATTACHMENT_EQUIP,CHALLENGE/DAILY_ATTACHMENT_SOH_DESC,20,4500,,2,,,,,230,
4390,ch_daily_attachment_foregrip_medium_s5,CHALLENGE/DAILY_ATTACHMENT_EQUIP,CHALLENGE/DAILY_ATTACHMENT_FOREGRIP_DESC,20,4500,,2,,,,,205,
4391,ch_daily_quickscope_medium_s5,CHALLENGE/DAILY_QUICKSCOPE,CHALLENGE/DAILY_QUICKSCOPE_DESC,5,4500,,2,,,,,235,
4392,ch_daily_ar_gun_1_medium_s5,CHALLENGE/DAILY_AR_GUN_1,CHALLENGE/DAILY_AR_GUN_1_DESC,20,4500,,2,,,,,206,
4393,ch_daily_ar_gun_2_medium_s5,CHALLENGE/DAILY_AR_GUN_2,CHALLENGE/DAILY_AR_GUN_2_DESC,20,4500,,2,,,,,223,
4394,ch_daily_ar_gun_3_medium_s5,CHALLENGE/DAILY_AR_GUN_3,CHALLENGE/DAILY_AR_GUN_3_DESC,20,4500,,2,,,,,198,
4395,ch_daily_sm_gun_1_medium_s5,CHALLENGE/DAILY_SM_GUN_1,CHALLENGE/DAILY_SM_GUN_1_DESC,20,4500,,2,,,,,207,
4396,ch_daily_sm_gun_2_medium_s5,CHALLENGE/DAILY_SM_GUN_2,CHALLENGE/DAILY_SM_GUN_2_DESC,20,4500,,2,,,,,242,
4397,ch_daily_sm_gun_3_medium_s5,CHALLENGE/DAILY_SM_GUN_3,CHALLENGE/DAILY_SM_GUN_3_DESC,20,4500,,2,,,,,229,
4398,ch_daily_sh_gun_1_medium_s5,CHALLENGE/DAILY_SH_GUN_1,CHALLENGE/DAILY_SH_GUN_1_DESC,20,4500,,2,,,,,204,
4399,ch_daily_sh_gun_2_medium_s5,CHALLENGE/DAILY_SH_GUN_2,CHALLENGE/DAILY_SH_GUN_2_DESC,20,4500,,2,,,,,200,
4400,ch_daily_sn_gun_1_medium_s5,CHALLENGE/DAILY_SN_GUN_1,CHALLENGE/DAILY_SN_GUN_1_DESC,20,4500,,2,,,,,225,
4401,ch_daily_lm_gun_1_medium_s5,CHALLENGE/DAILY_LM_GUN_1,CHALLENGE/DAILY_LM_GUN_1_DESC,20,4500,,2,,,,,232,
4402,ch_daily_attachment_reflex_pistolgrip_medium_s5,CHALLENGE/DAILY_ATTACHMENT_EQUIP,CHALLENGE/DAILY_ATTACHMENT_REFLEX_PISTOLGRIP_DESC,20,4500,,2,,,,,245,
4403,ch_daily_attachment_acog_fmj_medium_s5,CHALLENGE/DAILY_ATTACHMENT_EQUIP,CHALLENGE/DAILY_ATTACHMENT_ACOG_FMJ_DESC,20,4500,,2,,,,,217,
4404,ch_daily_attachment_nostock_drum_medium_s5,CHALLENGE/DAILY_ATTACHMENT_EQUIP,CHALLENGE/DAILY_ATTACHMENT_NOSTOCK_DRUM_DESC,20,4500,,2,,,,,233,
4405,ch_daily_attachment_holo_barrel_medium_s5,CHALLENGE/DAILY_ATTACHMENT_EQUIP,CHALLENGE/DAILY_ATTACHMENT_HOLO_BARREL_DESC,20,4500,,2,,,,,211,
4406,ch_daily_attachment_nostock_laser_medium_s5,CHALLENGE/DAILY_ATTACHMENT_EQUIP,CHALLENGE/DAILY_ATTACHMENT_NOSTOCK_LASER_DESC,20,4500,,2,,,,,210,
4407,ch_daily_attachment_fmj_laser_medium_s5,CHALLENGE/DAILY_ATTACHMENT_EQUIP,CHALLENGE/DAILY_ATTACHMENT_FMJ_LASER_DESC,20,4500,,2,,,,,221,
4408,ch_daily_attachment_pistolgrip_laser_medium_s5,CHALLENGE/DAILY_ATTACHMENT_EQUIP,CHALLENGE/DAILY_ATTACHMENT_PISTOLGRIP_LASER_DESC,20,4500,,2,,,,,231,
4409,ch_daily_attachment_hybrid_muzzle_medium_s5,CHALLENGE/DAILY_ATTACHMENT_EQUIP,CHALLENGE/DAILY_ATTACHMENT_HYBRID_MUZZLE_DESC,20,4500,,2,,,,,219,
4410,ch_daily_attachment_grip_soh_medium_s5,CHALLENGE/DAILY_ATTACHMENT_EQUIP,CHALLENGE/DAILY_ATTACHMENT_GRIP_SOH_DESC,20,4500,,2,,,,,199,
4411,ch_daily_personal_uav_medium_s5,CHALLENGE/DAILY_PERSONAL_UAV,CHALLENGE/DAILY_PERSONAL_UAV_DESC,12,4500,,2,,,,,197,
4412,ch_daily_uav_medium_s5,CHALLENGE/DAILY_UAV,CHALLENGE/DAILY_UAV_DESC,7,4500,,2,,,,,228,
4413,ch_daily_shield_turret_medium_s5,CHALLENGE/DAILY_SHIELD_TURRET,CHALLENGE/DAILY_SHIELD_TURRET_DESC,10,4500,,2,,,,,241,
4414,ch_daily_counter_uav_medium_s5,CHALLENGE/DAILY_COUNTER_UAV,CHALLENGE/DAILY_COUNTER_UAV_DESC,7,4500,,2,,,,,194,
4415,ch_daily_care_package_medium_s5,CHALLENGE/DAILY_CARE_PACKAGE,CHALLENGE/DAILY_CARE_PACKAGE_DESC,7,4500,,2,,,,,222,
4416,ch_daily_cluster_strike_medium_s5,CHALLENGE/DAILY_CLUSTER_STRIKE,CHALLENGE/DAILY_CLUSTER_STRIKE_DESC,4,4500,,2,,,,,240,
4417,ch_daily_cruise_missile_medium_s5,CHALLENGE/DAILY_CRUISE_MISSILE,CHALLENGE/DAILY_CRUISE_MISSILE_DESC,4,4500,,2,,,,,236,
4418,ch_daily_precision_airstrike_medium_s5,CHALLENGE/DAILY_PRECISION_AIRSTRIKE,CHALLENGE/DAILY_PRECISION_AIRSTRIKE_DESC,4,4500,,2,,,,,224,
4419,ch_daily_sentry_gun_medium_s5,CHALLENGE/DAILY_SENTRY_GUN,CHALLENGE/DAILY_SENTRY_GUN_DESC,3,4500,,2,,,,,244,
4420,ch_daily_wheelson_medium_s5,CHALLENGE/DAILY_WHEELSON,CHALLENGE/DAILY_WHEELSON_DESC,2,4500,,2,,,,,237,
4421,ch_daily_ar_kills_matches_long_s5,CHALLENGE/DAILY_ASSAULT_RIFLE_KILLS,CHALLENGE/DAILY_AR_KILLS_MATCHES_DESC,4,6000,200030,3,,,,,235,
4422,ch_daily_sh_kills_matches_long_s5,CHALLENGE/DAILY_SHOTGUN_KILLS,CHALLENGE/DAILY_SH_KILLS_MATCHES_DESC,4,6000,200030,3,,,,,230,
4423,ch_daily_sm_kills_matches_long_s5,CHALLENGE/DAILY_SMG_KILLS,CHALLENGE/DAILY_SM_KILLS_MATCHES_DESC,4,6000,200030,3,,,,,245,
4424,ch_daily_lm_kills_matches_long_s5,CHALLENGE/DAILY_LMG_KILLS,CHALLENGE/DAILY_LM_KILLS_MATCHES_DESC,4,6000,200030,3,,,,,196,
4425,ch_daily_sn_kills_matches_long_s5,CHALLENGE/DAILY_SNIPER_KILLS,CHALLENGE/DAILY_SN_KILLS_MATCHES_DESC,4,6000,200030,3,,,,,226,
4426,ch_daily_la_kills_matches_long_s5,CHALLENGE/DAILY_LAUNCHER_KILLS,CHALLENGE/DAILY_LA_KILLS_MATCHES_DESC,4,6000,200030,3,,,,,237,
4427,ch_daily_pi_kills_matches_long_s5,CHALLENGE/DAILY_PISTOL_KILLS,CHALLENGE/DAILY_PI_KILLS_MATCHES_DESC,4,6000,200030,3,,,,,214,
4428,ch_daily_hs_matches_long_s5,CHALLENGE/DAILY_HS_MATCHES,CHALLENGE/DAILY_HS_MATCHES_DESC,4,6000,200030,3,,,,,210,
4429,ch_daily_weapon_drop_long_s5,CHALLENGE/DAILY_WEAPON_DROP,CHALLENGE/DAILY_WEAPON_DROP_DESC,7,6000,200030,3,,,,,232,
4430,ch_daily_capture_long_s5,CHALLENGE/DAILY_CAPTURE,CHALLENGE/DAILY_CAPTURE_DESC,7,6000,200030,3,,,,,222,
4431,ch_daily_attachment_reflex_long_s5,CHALLENGE/DAILY_ATTACHMENT_EQUIP,CHALLENGE/DAILY_ATTACHMENT_REFLEX_DESC,50,6000,200030,3,,,,,212,
4432,ch_daily_attachment_acog_long_s5,CHALLENGE/DAILY_ATTACHMENT_EQUIP,CHALLENGE/DAILY_ATTACHMENT_ACOG_DESC,50,6000,200030,3,,,,,207,
4433,ch_daily_attachment_holo_long_s5,CHALLENGE/DAILY_ATTACHMENT_EQUIP,CHALLENGE/DAILY_ATTACHMENT_HOLO_DESC,50,6000,200030,3,,,,,202,
4434,ch_daily_attachment_hybrid_long_s5,CHALLENGE/DAILY_ATTACHMENT_EQUIP,CHALLENGE/DAILY_ATTACHMENT_HYBRID_DESC,50,6000,200030,3,,,,,244,
4435,ch_daily_attachment_pistolgrip_long_s5,CHALLENGE/DAILY_ATTACHMENT_EQUIP,CHALLENGE/DAILY_ATTACHMENT_PISTOLGRIP_DESC,50,6000,200030,3,,,,,220,
4436,ch_daily_attachment_drummag_long_s5,CHALLENGE/DAILY_ATTACHMENT_EQUIP,CHALLENGE/DAILY_ATTACHMENT_DRUMMAG_DESC,50,6000,200030,3,,,,,197,
4437,ch_daily_attachment_laser_long_s5,CHALLENGE/DAILY_ATTACHMENT_EQUIP,CHALLENGE/DAILY_ATTACHMENT_LASER_DESC,50,6000,200030,3,,,,,218,
4438,ch_daily_attachment_nostock_long_s5,CHALLENGE/DAILY_ATTACHMENT_EQUIP,CHALLENGE/DAILY_ATTACHMENT_NOSTOCK_DESC,50,6000,200030,3,,,,,231,
4439,ch_daily_attachment_barrel_long_s5,CHALLENGE/DAILY_ATTACHMENT_EQUIP,CHALLENGE/DAILY_ATTACHMENT_BARREL_DESC,50,6000,200030,3,,,,,219,
4440,ch_daily_attachment_muzzle_long_s5,CHALLENGE/DAILY_ATTACHMENT_EQUIP,CHALLENGE/DAILY_ATTACHMENT_MUZZLE_DESC,50,6000,200030,3,,,,,242,
4441,ch_daily_attachment_fmj_long_s5,CHALLENGE/DAILY_ATTACHMENT_EQUIP,CHALLENGE/DAILY_ATTACHMENT_FMJ_DESC,50,6000,200030,3,,,,,198,
4442,ch_daily_attachment_soh_long_s5,CHALLENGE/DAILY_ATTACHMENT_EQUIP,CHALLENGE/DAILY_ATTACHMENT_SOH_DESC,50,6000,200030,3,,,,,223,
4443,ch_daily_attachment_foregrip_long_s5,CHALLENGE/DAILY_ATTACHMENT_EQUIP,CHALLENGE/DAILY_ATTACHMENT_FOREGRIP_DESC,50,6000,200030,3,,,,,213,
4444,ch_daily_quickscope_long_s5,CHALLENGE/DAILY_QUICKSCOPE,CHALLENGE/DAILY_QUICKSCOPE_DESC,7,6000,200030,3,,,,,206,
4445,ch_daily_ar_gun_1_long_s5,CHALLENGE/DAILY_AR_GUN_1,CHALLENGE/DAILY_AR_GUN_1_DESC,50,6000,200030,3,,,,,225,
4446,ch_daily_ar_gun_2_long_s5,CHALLENGE/DAILY_AR_GUN_2,CHALLENGE/DAILY_AR_GUN_2_DESC,50,6000,200030,3,,,,,227,
4447,ch_daily_ar_gun_3_long_s5,CHALLENGE/DAILY_AR_GUN_3,CHALLENGE/DAILY_AR_GUN_3_DESC,50,6000,200030,3,,,,,204,
4448,ch_daily_sm_gun_1_long_s5,CHALLENGE/DAILY_SM_GUN_1,CHALLENGE/DAILY_SM_GUN_1_DESC,50,6000,200030,3,,,,,216,
4449,ch_daily_sm_gun_2_long_s5,CHALLENGE/DAILY_SM_GUN_2,CHALLENGE/DAILY_SM_GUN_2_DESC,50,6000,200030,3,,,,,205,
4450,ch_daily_sm_gun_3_long_s5,CHALLENGE/DAILY_SM_GUN_3,CHALLENGE/DAILY_SM_GUN_3_DESC,50,6000,200030,3,,,,,233,
4451,ch_daily_sh_gun_1_long_s5,CHALLENGE/DAILY_SH_GUN_1,CHALLENGE/DAILY_SH_GUN_1_DESC,50,6000,200030,3,,,,,215,
4452,ch_daily_sh_gun_2_long_s5,CHALLENGE/DAILY_SH_GUN_2,CHALLENGE/DAILY_SH_GUN_2_DESC,50,6000,200030,3,,,,,239,
4453,ch_daily_sn_gun_1_long_s5,CHALLENGE/DAILY_SN_GUN_1,CHALLENGE/DAILY_SN_GUN_1_DESC,50,6000,200030,3,,,,,195,
4454,ch_daily_lm_gun_1_long_s5,CHALLENGE/DAILY_LM_GUN_1,CHALLENGE/DAILY_LM_GUN_1_DESC,50,6000,200030,3,,,,,241,
4455,ch_daily_attachment_reflex_pistolgrip_long_s5,CHALLENGE/DAILY_ATTACHMENT_EQUIP,CHALLENGE/DAILY_ATTACHMENT_REFLEX_PISTOLGRIP_DESC,50,6000,200030,3,,,,,208,
4456,ch_daily_attachment_acog_fmj_long_s5,CHALLENGE/DAILY_ATTACHMENT_EQUIP,CHALLENGE/DAILY_ATTACHMENT_ACOG_FMJ_DESC,50,6000,200030,3,,,,,221,
4457,ch_daily_attachment_nostock_drum_long_s5,CHALLENGE/DAILY_ATTACHMENT_EQUIP,CHALLENGE/DAILY_ATTACHMENT_NOSTOCK_DRUM_DESC,50,6000,200030,3,,,,,199,
4458,ch_daily_attachment_holo_barrel_long_s5,CHALLENGE/DAILY_ATTACHMENT_EQUIP,CHALLENGE/DAILY_ATTACHMENT_HOLO_BARREL_DESC,50,6000,200030,3,,,,,229,
4459,ch_daily_attachment_nostock_laser_long_s5,CHALLENGE/DAILY_ATTACHMENT_EQUIP,CHALLENGE/DAILY_ATTACHMENT_NOSTOCK_LASER_DESC,50,6000,200030,3,,,,,234,
4460,ch_daily_attachment_fmj_laser_long_s5,CHALLENGE/DAILY_ATTACHMENT_EQUIP,CHALLENGE/DAILY_ATTACHMENT_FMJ_LASER_DESC,50,6000,200030,3,,,,,203,
4461,ch_daily_attachment_pistolgrip_laser_long_s5,CHALLENGE/DAILY_ATTACHMENT_EQUIP,CHALLENGE/DAILY_ATTACHMENT_PISTOLGRIP_LASER_DESC,50,6000,200030,3,,,,,201,
4462,ch_daily_attachment_hybrid_muzzle_long_s5,CHALLENGE/DAILY_ATTACHMENT_EQUIP,CHALLENGE/DAILY_ATTACHMENT_HYBRID_MUZZLE_DESC,50,6000,200030,3,,,,,243,
4463,ch_daily_attachment_grip_soh_long_s5,CHALLENGE/DAILY_ATTACHMENT_EQUIP,CHALLENGE/DAILY_ATTACHMENT_GRIP_SOH_DESC,50,6000,200030,3,,,,,236,
4464,ch_daily_personal_uav_long_s5,CHALLENGE/DAILY_PERSONAL_UAV,CHALLENGE/DAILY_PERSONAL_UAV_DESC,20,6000,200030,3,,,,,224,
4465,ch_daily_uav_long_s5,CHALLENGE/DAILY_UAV,CHALLENGE/DAILY_UAV_DESC,12,6000,200030,3,,,,,194,
4466,ch_daily_shield_turret_long_s5,CHALLENGE/DAILY_SHIELD_TURRET,CHALLENGE/DAILY_SHIELD_TURRET_DESC,12,6000,200030,3,,,,,200,
4467,ch_daily_counter_uav_long_s5,CHALLENGE/DAILY_COUNTER_UAV,CHALLENGE/DAILY_COUNTER_UAV_DESC,10,6000,200030,3,,,,,238,
4468,ch_daily_care_package_long_s5,CHALLENGE/DAILY_CARE_PACKAGE,CHALLENGE/DAILY_CARE_PACKAGE_DESC,7,6000,200030,3,,,,,209,
4469,ch_daily_cluster_strike_long_s5,CHALLENGE/DAILY_CLUSTER_STRIKE,CHALLENGE/DAILY_CLUSTER_STRIKE_DESC,5,6000,200030,3,,,,,246,
4470,ch_daily_cruise_missile_long_s5,CHALLENGE/DAILY_CRUISE_MISSILE,CHALLENGE/DAILY_CRUISE_MISSILE_DESC,5,6000,200030,3,,,,,211,
4471,ch_daily_precision_airstrike_long_s5,CHALLENGE/DAILY_PRECISION_AIRSTRIKE,CHALLENGE/DAILY_PRECISION_AIRSTRIKE_DESC,5,6000,200030,3,,,,,228,
4472,ch_daily_sentry_gun_long_s5,CHALLENGE/DAILY_SENTRY_GUN,CHALLENGE/DAILY_SENTRY_GUN_DESC,4,6000,200030,3,,,,,240,
4473,ch_daily_wheelson_long_s5,CHALLENGE/DAILY_WHEELSON,CHALLENGE/DAILY_WHEELSON_DESC,3,6000,200030,3,,,,,217,
4474,ch_wargames_mp_day_1,CHALLENGE/WARGAMES_DAY_1_NAME,CHALLENGE/WARGAMES_MP_DAY_1_DESC,5,5000,200033,5,,,,,1,
4475,ch_wargames_mp_day_2,CHALLENGE/WARGAMES_DAY_2_NAME,CHALLENGE/WARGAMES_MP_DAY_2_DESC,3,5000,430002,5,,,,,2,
4476,ch_wargames_mp_day_3,CHALLENGE/WARGAMES_DAY_3_NAME,CHALLENGE/WARGAMES_MP_DAY_3_DESC,1,5000,200033,5,,,,,3,
4477,ch_wargames_mp_day_4,CHALLENGE/WARGAMES_DAY_4_NAME,CHALLENGE/WARGAMES_MP_DAY_4_DESC,1,5000,430002,5,,,,,4,
4478,ch_wargames_mp_day_5,CHALLENGE/WARGAMES_DAY_5_NAME,CHALLENGE/WARGAMES_MP_DAY_5_DESC,3,5000,200033,5,,,,,5,
4479,ch_wargames_mp_day_6,CHALLENGE/WARGAMES_DAY_6_NAME,CHALLENGE/WARGAMES_MP_DAY_6_DESC,1,5000,430002,5,,,,,6,
4480,ch_wargames_mp_day_7,CHALLENGE/WARGAMES_DAY_7_NAME,CHALLENGE/WARGAMES_MP_DAY_7_DESC,2,5000,200033,5,,,,,7,
4481,ch_wargames_mp_day_8,CHALLENGE/WARGAMES_DAY_8_NAME,CHALLENGE/WARGAMES_MP_DAY_8_DESC,4,5000,430002,5,,,,,8,
4482,ch_wargames_mp_day_9,CHALLENGE/WARGAMES_DAY_9_NAME,CHALLENGE/WARGAMES_MP_DAY_9_DESC,6,5000,200033,5,,,,,9,
4483,ch_wargames_mp_day_10,CHALLENGE/WARGAMES_DAY_10_NAME,CHALLENGE/WARGAMES_MP_DAY_10_DESC,1,5000,430002,5,,,,,10,
